,title,artist,top genre,year,country,val
757,"10,000 Hours (with Justin Bieber)",Dan + Shay,contemporary country,2019,indonesia,43
966,"10,000 Hours (with Justin Bieber)",Dan + Shay,contemporary country,2019,malasya,43
776,100 Degrees,Rich Brian,indonesian hip hop,2019,indonesia,66
532,105 F Remix,KEVVO,perreo,2019,chile,74
584,105 F Remix,KEVVO,perreo,2019,spain,74
434,200 km/h,Apache 207,german hip hop,2019,germany,41
190,2000 Miles - 2007 Remaster,Pretenders,album rock,1984,australia,45
313,3 Batidas - Ao Vivo,Guilherme & Benuto,sertanejo pop,2019,brazil,53
813,7 rings,Ariana Grande,dance pop,2019,israel,33
198,8 Days of Christmas,Destiny's Child,dance pop,1999,australia,64
727,8 Parche,Baani Sandhu,punjabi pop,2019,india,73
686,93% [Tijuana],GLK,francoton,2019,france,80
328,A Culpa é do Meu Grau (feat. Zé Neto & Cristiano) - Ao Vivo em Brasília,Diego & Victor Hugo,sertanejo pop,2019,brazil,63
590,A Dónde Vamos,Morat,colombian pop,2019,spain,96
337,A Gente Fez Amor - Ao Vivo,Gusttavo Lima,sertanejo universitario,2019,brazil,83
43,A Holly Jolly Christmas - Single Version,Burl Ives,adult standards,1998,world,86
81,A Holly Jolly Christmas - Single Version,Burl Ives,adult standards,1998,africa,86
182,A Holly Jolly Christmas - Single Version,Burl Ives,adult standards,1998,australia,86
241,A Holly Jolly Christmas - Single Version,Burl Ives,adult standards,1998,belgium,86
388,A Holly Jolly Christmas - Single Version,Burl Ives,adult standards,1998,canada,86
636,A Holly Jolly Christmas - Single Version,Burl Ives,adult standards,1998,usa,86
897,ANSIA NO,FSK SATELLITE,italian hip hop,2019,italy,71
298,Adan y Eva,Paulo Londra,argentine hip hop,2019,bolivia,72
107,Adicto (with Anuel AA & Ozuna),Tainy,pop reggaeton,2019,argentina,62
259,Adicto (with Anuel AA & Ozuna),Tainy,pop reggaeton,2019,bolivia,62
458,Adicto (with Anuel AA & Ozuna),Tainy,pop reggaeton,2019,colombia,62
508,Adicto (with Anuel AA & Ozuna),Tainy,pop reggaeton,2019,chile,62
559,Adicto (with Anuel AA & Ozuna),Tainy,pop reggaeton,2019,spain,62
485,Adonay,Rodolfo Aicardi,classic colombian pop,2014,colombia,97
175,Adore You,Harry Styles,dance pop,2019,australia,57
983,Adore You,Harry Styles,dance pop,2019,malasya,57
782,Adu Rayu,Yovie Widianto,indonesian pop,2019,indonesia,22
97,Akulaleki,Samthing Soweto,afro house,2019,africa,34
330,Algo Mais (Amante) - Ao Vivo,Xand Avião,funk carioca,2019,brazil,67
479,Alguien Me Gusta,Andy Rivera,latin,2019,colombia,81
548,Algún Día Volveras,Santaferia,cumbia chilena,2018,chile,69
432,Alien,RIN,german cloud rap,2019,germany,85
4,All I Want for Christmas Is You,Mariah Carey,dance pop,1994,world,35
54,All I Want for Christmas Is You,Mariah Carey,dance pop,1994,africa,35
154,All I Want for Christmas Is You,Mariah Carey,dance pop,1994,australia,35
204,All I Want for Christmas Is You,Mariah Carey,dance pop,1994,belgium,35
251,All I Want for Christmas Is You,Mariah Carey,dance pop,1994,bolivia,35
352,All I Want for Christmas Is You,Mariah Carey,dance pop,1994,canada,35
402,All I Want for Christmas Is You,Mariah Carey,dance pop,1994,germany,35
501,All I Want for Christmas Is You,Mariah Carey,dance pop,1994,chile,35
552,All I Want for Christmas Is You,Mariah Carey,dance pop,1994,spain,35
602,All I Want for Christmas Is You,Mariah Carey,dance pop,1994,usa,35
653,All I Want for Christmas Is You,Mariah Carey,dance pop,1994,france,35
853,All I Want for Christmas Is You,Mariah Carey,dance pop,1994,italy,35
900,All I Want for Christmas Is You,Mariah Carey,dance pop,1994,japan,35
954,All I Want for Christmas Is You,Mariah Carey,dance pop,1994,malasya,35
578,Alocao (With Bad Gyal),Omar Montes,trap espanol,2019,spain,70
291,Amor a Primera Vista,Los Angeles Azules,grupera,2019,bolivia,95
787,April,Fiersa Besari,indonesian indie,2014,indonesia,57
683,Aristocrate,Heuss L'enfoiré,french hip hop,2019,france,63
289,Atrévete,Nicky Jam,latin,2019,bolivia,59
688,Avant toi,Vitaa,francoton,2019,france,25
114,Aventura,Lunay,latin,2019,argentina,88
267,Aventura,Lunay,latin,2019,bolivia,88
465,Aventura,Lunay,latin,2019,colombia,88
513,Aventura,Lunay,latin,2019,chile,88
563,Aventura,Lunay,latin,2019,spain,88
488,Aventurero,Yeison Jimenez,colombian pop,2019,colombia,90
412,Ayy Macarena,Tyga,pop rap,2019,germany,72
864,Ayy Macarena,Tyga,pop rap,2019,italy,72
334,Aí Eu Bebo - Ao Vivo,Maiara & Maraisa,sertanejo universitario,2019,brazil,85
533,B11 (feat. Myke Towers),Rvssian,latin,2019,chile,20
582,B11 (feat. Myke Towers),Rvssian,latin,2019,spain,20
611,BOP,DaBaby,nc hip hop,2019,usa,84
885,BRAVI A CADERE - I polmoni,Marracash,italian hip hop,2019,italy,28
185,Baby It's Cold Outside (duet with Michael Bublé),Idina Menzel,hollywood,2014,australia,56
383,"Baby, It's Cold Outside",Brett Eldredge,contemporary country,2016,canada,68
394,"Baby, It's Cold Outside",Dean Martin,adult standards,1959,canada,54
643,"Baby, It's Cold Outside",Dean Martin,adult standards,1959,usa,54
674,Baianá,Bakermat,deep euro house,2019,france,49
605,Bandit (with YoungBoy Never Broke Again),Juice WRLD,chicago rap,2019,usa,43
886,Barrio,Mahmood,italian arena pop,2019,italy,57
76,Beautiful People (feat. Khalid),Ed Sheeran,pop,2019,africa,55
763,Beautiful People (feat. Khalid),Ed Sheeran,pop,2019,indonesia,55
816,Beautiful People (feat. Khalid),Ed Sheeran,pop,2019,israel,55
986,Beautiful People (feat. Khalid),Ed Sheeran,pop,2019,malasya,55
321,Bebi Liguei - Ao Vivo,Marília Mendonça,sertanejo,2019,brazil,68
346,Bebi Minha Bicicleta (Coração Falido) - Ao Vivo,Zé Neto & Cristiano,sertanejo universitario,2019,brazil,47
992,Before You Go,Lewis Capaldi,pop,2019,malasya,18
725,"Bekhayali (From ""Kabir Singh"")",Sachet Tandon,desi pop,2019,india,35
711,Believer,Imagine Dragons,modern rock,2017,india,67
287,Bellaquita,Dalex,latin,2019,bolivia,77
125,Bellaquita - Remix,Dalex,latin,2019,argentina,76
278,Bellaquita - Remix,Dalex,latin,2019,bolivia,76
475,Bellaquita - Remix,Dalex,latin,2019,colombia,76
523,Bellaquita - Remix,Dalex,latin,2019,chile,76
573,Bellaquita - Remix,Dalex,latin,2019,spain,76
793,Bicara (feat. Monita Tahalea),TheOvertunes,indonesian pop,2019,indonesia,37
549,Blanca Navidad,Luis Miguel,bolero,2006,chile,18
127,Blanco,J Balvin,latin,2019,argentina,59
280,Blanco,J Balvin,latin,2019,bolivia,59
472,Blanco,J Balvin,latin,2019,colombia,59
572,Blanco,J Balvin,latin,2019,spain,59
10,Blinding Lights,The Weeknd,canadian contemporary r&b,2019,world,35
207,Blinding Lights,The Weeknd,canadian contemporary r&b,2019,belgium,35
404,Blinding Lights,The Weeknd,canadian contemporary r&b,2019,germany,35
656,Blinding Lights,The Weeknd,canadian contemporary r&b,2019,france,35
704,Blinding Lights,The Weeknd,canadian contemporary r&b,2019,india,35
810,Blinding Lights,The Weeknd,canadian contemporary r&b,2019,israel,35
961,Blinding Lights,The Weeknd,canadian contemporary r&b,2019,malasya,35
694,Block,Larry,french hip hop,2019,france,71
30,Blue Christmas,Elvis Presley,adult standards,1957,world,58
73,Blue Christmas,Elvis Presley,adult standards,1957,africa,58
174,Blue Christmas,Elvis Presley,adult standards,1957,australia,58
229,Blue Christmas,Elvis Presley,adult standards,1957,belgium,58
371,Blue Christmas,Elvis Presley,adult standards,1957,canada,58
624,Blue Christmas,Elvis Presley,adult standards,1957,usa,58
884,Bossoli,Shiva,italian hip hop,2019,italy,80
761,Boy With Luv (feat. Halsey),BTS,k-pop,2019,indonesia,80
984,Boy With Luv (feat. Halsey),BTS,k-pop,2019,malasya,80
676,Bâtiment,Niska,french hip hop,2019,france,65
139,C90 - Remix,John C,argentine hip hop,2019,argentina,61
138,CANGURO,WOS,argentine indie,2019,argentina,93
890,"CHARLES MANSON (BUON NATALE2) (feat. Lazza) - feat. Dani Faiv, Nitro",Salmo,italian hip hop,2019,italy,48
425,COLT,Samra,german hip hop,2019,germany,18
877,CRUDELIA - I nervi,Marracash,italian hip hop,2019,italy,7
108,Callaita,Bad Bunny,latin,2019,argentina,24
258,Callaita,Bad Bunny,latin,2019,bolivia,24
457,Callaita,Bad Bunny,latin,2019,colombia,24
509,Callaita,Bad Bunny,latin,2019,chile,24
560,Callaita,Bad Bunny,latin,2019,spain,24
126,Calma - Remix,Pedro Capó,latin,2018,argentina,76
766,Can We Kiss Forever?,Kina,pop,2018,indonesia,12
491,Cariñito,Rodolfo Aicardi,classic colombian pop,2012,colombia,95
635,Carol of the Bells,Mykola Dmytrovych Leontovych,post-romantic era,1990,usa,80
347,Carreira Solo - Ao Vivo,Gusttavo Lima,sertanejo universitario,2019,brazil,92
778,Celengan Rindu,Fiersa Besari,indonesian indie,2014,indonesia,66
729,Chal Bombay,DIVINE,desi hip hop,2019,india,51
312,Chama Ela (feat. Pedro Sampaio),Lexa,baile pop,2019,brazil,96
739,Chandigarh Mein,Badshah,desi hip hop,2019,india,34
304,Cheirosa - Ao Vivo,Jorge & Mateus,sertanejo,2019,brazil,71
882,Chiasso,Random,italian hip hop,2019,italy,46
103,China,Anuel AA,latin,2019,argentina,61
255,China,Anuel AA,latin,2019,bolivia,61
453,China,Anuel AA,latin,2019,colombia,61
505,China,Anuel AA,latin,2019,chile,61
557,China,Anuel AA,latin,2019,spain,61
46,Christmas (Baby Please Come Home),Darlene Love,adult standards,2019,world,36
83,Christmas (Baby Please Come Home),Darlene Love,adult standards,2019,africa,36
243,Christmas (Baby Please Come Home),Darlene Love,adult standards,2019,belgium,36
391,Christmas (Baby Please Come Home),Darlene Love,adult standards,2019,canada,36
640,Christmas (Baby Please Come Home),Darlene Love,adult standards,2019,usa,36
28,Christmas (Baby Please Come Home),Mariah Carey,dance pop,1994,world,70
70,Christmas (Baby Please Come Home),Mariah Carey,dance pop,1994,africa,70
226,Christmas (Baby Please Come Home),Mariah Carey,dance pop,1994,belgium,70
369,Christmas (Baby Please Come Home),Mariah Carey,dance pop,1994,canada,70
622,Christmas (Baby Please Come Home),Mariah Carey,dance pop,1994,usa,70
33,Christmas Lights,Coldplay,permanent wave,2010,world,24
173,Christmas Lights,Coldplay,permanent wave,2010,australia,24
230,Christmas Lights,Coldplay,permanent wave,2010,belgium,24
376,Christmas Lights,Coldplay,permanent wave,2010,canada,24
417,Christmas Lights,Coldplay,permanent wave,2010,germany,24
440,Christmas Time,Bryan Adams,album rock,2019,germany,32
648,Christmas Time Is Here - Vocal,Vince Guaraldi Trio,adult standards,1965,usa,9
899,Cin Cin,Alfa,italian arena pop,2019,italy,37
794,Cinta Luar Biasa,Andmesh,indonesian pop,2019,indonesia,32
997,Cinta Luar Biasa,Andmesh,indonesian pop,2019,malasya,32
3,Circles,Post Malone,dfw rap,2019,world,55
51,Circles,Post Malone,dfw rap,2019,africa,55
152,Circles,Post Malone,dfw rap,2019,australia,55
203,Circles,Post Malone,dfw rap,2019,belgium,55
601,Circles,Post Malone,dfw rap,2019,usa,55
702,Circles,Post Malone,dfw rap,2019,india,55
803,Circles,Post Malone,dfw rap,2019,israel,55
953,Circles,Post Malone,dfw rap,2019,malasya,55
335,Com ou Sem Mim (Ao Vivo em Fortaleza),Gustavo Mioto,sertanejo,2019,brazil,30
301,Combatchy (feat. MC Rebecca),Anitta,baile pop,2019,brazil,61
690,Compliqué,Dadju,francoton,2019,france,93
121,Con Altura,ROSALÍA,r&b en espanol,2019,argentina,75
275,Con Altura,ROSALÍA,r&b en espanol,2019,bolivia,75
470,Con Altura,ROSALÍA,r&b en espanol,2019,colombia,75
571,Con Altura,ROSALÍA,r&b en espanol,2019,spain,75
123,Con Calma,Daddy Yankee,latin,2019,argentina,66
587,Contando Lunares (feat. Cruz Cafuné),Don Patricio,trap espanol,2019,spain,71
315,Contatinho - Ao Vivo Em São Paulo / 2019,Leo Santana,axe,2019,brazil,81
539,Coronao Now,El Alfa,dembow,2019,chile,72
526,Cuerpo en Venta,Noriel,latin,2019,chile,41
140,Cómo estás,Ke Personajes,cumbia pop,2019,argentina,98
696,Côte Ouest,47ter,french hip hop,2019,france,58
119,"DJ No Pare (feat. Zion, Dalex, Lenny Tavárez) - Remix",Justin Quiles,latin,2019,argentina,83
274,"DJ No Pare (feat. Zion, Dalex, Lenny Tavárez) - Remix",Justin Quiles,latin,2019,bolivia,83
520,"DJ No Pare (feat. Zion, Dalex, Lenny Tavárez) - Remix",Justin Quiles,latin,2019,chile,83
568,"DJ No Pare (feat. Zion, Dalex, Lenny Tavárez) - Remix",Justin Quiles,latin,2019,spain,83
788,Dan...,Sheila On 7,indonesian pop,1999,indonesia,54
740,Dance Like,Harrdy Sandhu,desi pop,2019,india,54
0,Dance Monkey,Tones and I,australian pop,2019,world,51
50,Dance Monkey,Tones and I,australian pop,2019,africa,51
100,Dance Monkey,Tones and I,australian pop,2019,argentina,51
150,Dance Monkey,Tones and I,australian pop,2019,australia,51
200,Dance Monkey,Tones and I,australian pop,2019,belgium,51
250,Dance Monkey,Tones and I,australian pop,2019,bolivia,51
300,Dance Monkey,Tones and I,australian pop,2019,brazil,51
350,Dance Monkey,Tones and I,australian pop,2019,canada,51
400,Dance Monkey,Tones and I,australian pop,2019,germany,51
450,Dance Monkey,Tones and I,australian pop,2019,colombia,51
500,Dance Monkey,Tones and I,australian pop,2019,chile,51
550,Dance Monkey,Tones and I,australian pop,2019,spain,51
650,Dance Monkey,Tones and I,australian pop,2019,france,51
750,Dance Monkey,Tones and I,australian pop,2019,indonesia,51
800,Dance Monkey,Tones and I,australian pop,2019,israel,51
850,Dance Monkey,Tones and I,australian pop,2019,italy,51
950,Dance Monkey,Tones and I,australian pop,2019,malasya,51
495,Daniela,Rodolfo Aicardi,classic colombian pop,2012,colombia,93
680,Dans l'univers,Nekfeu,french hip hop,2019,france,20
426,Der Bratan bleibt der gleiche,Capital Bra,german hip hop,2019,germany,67
295,Desconocidos,Mau y Ricky,latin,2019,bolivia,68
297,Detente,Mike Bahía,colombian pop,2019,bolivia,36
726,"Dheeme Dheeme (From ""Pati Patni Aur Woh"")",Tony Kakkar,desi pop,2019,india,69
687,Distant,Maes,french hip hop,2019,france,49
29,Do They Know It's Christmas? - 1984 Version,Band Aid,Other,2004,world,35
72,Do They Know It's Christmas? - 1984 Version,Band Aid,Other,2004,africa,35
170,Do They Know It's Christmas? - 1984 Version,Band Aid,Other,2004,australia,35
228,Do They Know It's Christmas? - 1984 Version,Band Aid,Other,2004,belgium,35
370,Do They Know It's Christmas? - 1984 Version,Band Aid,Other,2004,canada,35
416,Do They Know It's Christmas? - 1984 Version,Band Aid,Other,2004,germany,35
623,Do They Know It's Christmas? - 1984 Version,Band Aid,Other,2004,usa,35
387,Do You Hear What I Hear? - Remastered 2006,Bing Crosby,adult standards,2006,canada,41
634,Do You Hear What I Hear? - Remastered 2006,Bing Crosby,adult standards,2006,usa,41
430,Doch in der Nacht,Apache 207,german hip hop,2019,germany,71
342,Dois Lados,Wesley Safadão,forro,2019,brazil,93
736,"Don't Be Shy Again (From ""Bala"")",Sachin-Jigar,desi pop,2019,india,91
8,Don't Start Now,Dua Lipa,dance pop,2019,world,68
155,Don't Start Now,Dua Lipa,dance pop,2019,australia,68
206,Don't Start Now,Dua Lipa,dance pop,2019,belgium,68
655,Don't Start Now,Dua Lipa,dance pop,2019,france,68
806,Don't Start Now,Dua Lipa,dance pop,2019,israel,68
957,Don't Start Now,Dua Lipa,dance pop,2019,malasya,68
44,Driving Home for Christmas - 2019 Remaster,Chris Rea,album rock,1987,world,87
181,Driving Home for Christmas - 2019 Remaster,Chris Rea,album rock,1987,australia,87
240,Driving Home for Christmas - 2019 Remaster,Chris Rea,album rock,1987,belgium,87
389,Driving Home for Christmas - 2019 Remaster,Chris Rea,album rock,1987,canada,87
424,Driving Home for Christmas - 2019 Remaster,Chris Rea,album rock,1987,germany,87
480,Dulce Pecado,Jessi Uribe,colombian pop,2019,colombia,77
719,"Duniyaa (From ""Luka Chuppi"")",Akhil,desi pop,2019,india,52
585,Easy - Remix,Jhay Cortez,latin,2019,spain,44
735,"Ek Toh Kum Zindagani (From ""Marjaavaan"")",Neha Kakkar,desi pop,2019,india,72
148,El Bombón,Los Palmeras,argentine rock,2016,argentina,87
128,"El Favor (with Nicky Jam & Sech, feat. Farruko, Zion & Lunay)",Dimelo Flow,latin,2019,argentina,48
524,"El Favor (with Nicky Jam & Sech, feat. Farruko, Zion & Lunay)",Dimelo Flow,latin,2019,chile,48
486,El Hijo Ausente,Pastor Lopez,cumbia,2012,colombia,85
497,El Jornalero (El Hijo de Tuta),Lisandro Meza,cumbia,2001,colombia,96
327,Ela Vem,MC G15,brega funk,2019,brazil,59
689,Elle est bonne sa mère,Vegedream,francoton,2019,france,47
481,En Barranquilla Me Quedo,Joe Arroyo,cumbia,2009,colombia,75
331,Espaçosa Demais - Ao Vivo,Felipe Araújo,funk carioca,2018,brazil,71
35,Fairytale of New York (feat. Kirsty MacColl),The Pogues,celtic punk,1988,world,47
176,Fairytale of New York (feat. Kirsty MacColl),The Pogues,celtic punk,1988,australia,47
233,Fairytale of New York (feat. Kirsty MacColl),The Pogues,celtic punk,1988,belgium,47
377,Fairytale of New York (feat. Kirsty MacColl),The Pogues,celtic punk,1988,canada,47
345,Fake News - Ao Vivo,Gustavo Mioto,sertanejo,2019,brazil,73
980,Falling,Harry Styles,dance pop,2019,malasya,6
6,Falling,Trevor Daniel,alternative r&b,2018,world,24
156,Falling,Trevor Daniel,alternative r&b,2018,australia,24
403,Falling,Trevor Daniel,alternative r&b,2018,germany,24
603,Falling,Trevor Daniel,alternative r&b,2018,usa,24
703,Falling,Trevor Daniel,alternative r&b,2018,india,24
754,Falling,Trevor Daniel,alternative r&b,2018,indonesia,24
805,Falling,Trevor Daniel,alternative r&b,2018,israel,24
855,Falling,Trevor Daniel,alternative r&b,2018,italy,24
956,Falling,Trevor Daniel,alternative r&b,2018,malasya,24
105,Fantasias,Rauw Alejandro,latin,2019,argentina,79
256,Fantasias,Rauw Alejandro,latin,2019,bolivia,79
455,Fantasias,Rauw Alejandro,latin,2019,colombia,79
506,Fantasias,Rauw Alejandro,latin,2019,chile,79
558,Fantasias,Rauw Alejandro,latin,2019,spain,79
529,Fantasía,Ozuna,latin,2019,chile,78
579,Fantasía,Ozuna,latin,2019,spain,78
995,Feelings,Lauv,pop,2019,malasya,25
38,Feliz Navidad,José Feliciano,latin pop,2001,world,96
78,Feliz Navidad,José Feliciano,latin pop,2001,africa,96
235,Feliz Navidad,José Feliciano,latin pop,2001,belgium,96
284,Feliz Navidad,José Feliciano,latin pop,2001,bolivia,96
380,Feliz Navidad,José Feliciano,latin pop,2001,canada,96
420,Feliz Navidad,José Feliciano,latin pop,2001,germany,96
527,Feliz Navidad,José Feliciano,latin pop,2001,chile,96
577,Feliz Navidad,José Feliciano,latin pop,2001,spain,96
629,Feliz Navidad,José Feliciano,latin pop,2001,usa,96
868,Feliz Navidad,José Feliciano,latin pop,2001,italy,96
311,Ferida Curada,Zé Neto & Cristiano,sertanejo universitario,2019,brazil,55
716,Filhall,B Praak,desi pop,2019,india,59
340,Fingindo Maturidade - Ao Vivo,Mano Walter,forro,2019,brazil,74
96,Fire,DJ Big Sky,Other,2019,africa,64
129,Fresa,TINI,latin pop,2019,argentina,86
597,Fuera De Mi Mente,Lérica,spanish pop,2019,spain,70
614,Futsal Shuffle 2020,Lil Uzi Vert,melodic rap,2019,usa,30
895,GANG (feat. Geolier),Samurai Jay,italian hip hop,2019,italy,58
308,Gaiola É o Troco,MC Du Black,funk carioca,2019,brazil,85
699,Gasolina (feat. Gambi),Hamza,belgian hip hop,2019,france,72
714,"Ghungroo (From ""War"")",Arijit Singh,desi pop,2019,india,86
887,Gigolò (feat. Sfera Ebbasta & Capo Plaza),Lazza,italian hip hop,2019,italy,39
697,God Bless (feat. Damso),Hamza,belgian hip hop,2019,france,23
492,Golpe Con Golpe,Pastor Lopez,cumbia,2012,colombia,97
970,Goodbyes (feat. Young Thug),Post Malone,dfw rap,2019,malasya,16
137,Goteo,Duki,argentine hip hop,2019,argentina,44
598,Goteo,Duki,argentine hip hop,2019,spain,44
907,Gurenge,LiSA,anime rock,2019,japan,31
914,HANABI,Mr.Children,j-pop,2008,japan,60
809,HIGHEST IN THE ROOM,Travis Scott,rap,2019,israel,6
998,Haa Tepok,MeerFly,malaysian hip hop,2019,malasya,68
935,Hakujitsu,King Gnu,j-pop,2019,japan,75
428,Hallelujah,Pentatonix,a cappella,2016,germany,37
770,Halu,Feby Putri,Other,2019,indonesia,10
796,Hanya Rindu,Andmesh,indonesian pop,2019,indonesia,20
999,Hanya Rindu,Andmesh,indonesian pop,2019,malasya,20
873,Happy Xmas (War Is Over),Céline Dion,canadian pop,1998,italy,16
16,Happy Xmas (War Is Over) - Remastered,John Lennon,album rock,2010,world,40
60,Happy Xmas (War Is Over) - Remastered,John Lennon,album rock,2010,africa,40
160,Happy Xmas (War Is Over) - Remastered,John Lennon,album rock,2010,australia,40
215,Happy Xmas (War Is Over) - Remastered,John Lennon,album rock,2010,belgium,40
357,Happy Xmas (War Is Over) - Remastered,John Lennon,album rock,2010,canada,40
407,Happy Xmas (War Is Over) - Remastered,John Lennon,album rock,2010,germany,40
609,Happy Xmas (War Is Over) - Remastered,John Lennon,album rock,2010,usa,40
858,Happy Xmas (War Is Over) - Remastered,John Lennon,album rock,2010,italy,40
903,Happy Xmas (War Is Over) - Remastered,John Lennon,album rock,2010,japan,40
586,Hasta Que Salga el Sol,Ozuna,latin,2019,spain,60
748,"Hauli Hauli (From ""De De Pyaar De"")",Garry Sandhu,bhangra,2019,india,57
196,Have Yourself A Merry Little Christmas,Ella Fitzgerald,adult standards,1960,australia,48
644,Have Yourself A Merry Little Christmas,Judy Garland,adult standards,1944,usa,11
23,Have Yourself A Merry Little Christmas,Sam Smith,pop,2014,world,34
66,Have Yourself A Merry Little Christmas,Sam Smith,pop,2014,africa,34
167,Have Yourself A Merry Little Christmas,Sam Smith,pop,2014,australia,34
222,Have Yourself A Merry Little Christmas,Sam Smith,pop,2014,belgium,34
364,Have Yourself A Merry Little Christmas,Sam Smith,pop,2014,canada,34
413,Have Yourself A Merry Little Christmas,Sam Smith,pop,2014,germany,34
619,Have Yourself A Merry Little Christmas,Sam Smith,pop,2014,usa,34
707,Heartless,The Weeknd,canadian contemporary r&b,2019,india,20
943,Hikoutei,King Gnu,j-pop,2019,japan,49
307,Hit Contagiante,Felipe Original,brega funk,2019,brazil,96
247,Hoe Het Danst,Marco Borsato,dutch cabaret,2019,belgium,42
117,Hola - Remix,Dalex,latin,2019,argentina,34
269,Hola - Remix,Dalex,latin,2019,bolivia,34
466,Hola - Remix,Dalex,latin,2019,colombia,34
518,Hola - Remix,Dalex,latin,2019,chile,34
567,Hola - Remix,Dalex,latin,2019,spain,34
896,Holly & Benji (feat. Capo Plaza & Shiva),AVA,italian hip hop,2019,italy,50
45,Holly Jolly Christmas,Michael Bublé,adult standards,2011,world,74
82,Holly Jolly Christmas,Michael Bublé,adult standards,2011,africa,74
184,Holly Jolly Christmas,Michael Bublé,adult standards,2011,australia,74
242,Holly Jolly Christmas,Michael Bublé,adult standards,2011,belgium,74
390,Holly Jolly Christmas,Michael Bublé,adult standards,2011,canada,74
535,Holly Jolly Christmas,Michael Bublé,adult standards,2011,chile,74
639,Holly Jolly Christmas,Michael Bublé,adult standards,2011,usa,74
665,Holly Jolly Christmas,Michael Bublé,adult standards,2011,france,74
872,Holly Jolly Christmas,Michael Bublé,adult standards,2011,italy,74
991,Holly Jolly Christmas,Michael Bublé,adult standards,2011,malasya,74
965,How Do You Sleep?,Sam Smith,pop,2019,malasya,35
199,How to Make Gravy,Paul Kelly,australian alternative rock,2019,australia,39
668,Hé oh,Gambi,pop urbaine,2019,france,54
764,I Don't Care (with Justin Bieber),Ed Sheeran,pop,2019,indonesia,84
817,I Don't Care (with Justin Bieber),Ed Sheeran,pop,2019,israel,84
771,I Love You 3000,Stephanie Poetri,indonesian pop,2019,indonesia,41
993,I Love You 3000,Stephanie Poetri,indonesian pop,2019,malasya,41
789,I Love You but I'm Letting Go,Pamungkas,indonesian indie,2018,indonesia,13
41,I Saw Mommy Kissing Santa Claus,The Jackson 5,adult standards,1970,world,61
238,I Saw Mommy Kissing Santa Claus,The Jackson 5,adult standards,1970,belgium,61
385,I Saw Mommy Kissing Santa Claus,The Jackson 5,adult standards,1970,canada,61
632,I Saw Mommy Kissing Santa Claus,The Jackson 5,adult standards,1970,usa,61
84,I'll Be Home for Christmas,Michael Bublé,adult standards,2011,africa,15
395,I'll Be Home for Christmas,Michael Bublé,adult standards,2011,canada,15
982,I.F.L.Y.,Bazzi,pop,2019,malasya,55
730,Ik Tera,Maninder Buttar,desi pop,2019,india,49
541,Imaginaste - Remix,Jhay Cortez,latin,2019,chile,60
443,In der Weihnachtsbäckerei,Rolf Zuckowski,german pop,1987,germany,92
116,Indeciso,Reik,latin,2019,argentina,90
265,Indeciso,Reik,latin,2019,bolivia,90
462,Indeciso,Reik,latin,2019,colombia,90
562,Indeciso,Reik,latin,2019,spain,90
543,Infeliz,Arcangel,latin,2019,chile,72
978,Into the Unknown,Idina Menzel,hollywood,2019,malasya,27
316,Invocada (Participação especial de Léo Santana) - Ao vivo,Ludmilla,baile pop,2019,brazil,70
26,It's Beginning to Look a Lot Like Christmas (with Mitchell Ayres & His Orchestra),Perry Como,adult standards,1999,world,72
69,It's Beginning to Look a Lot Like Christmas (with Mitchell Ayres & His Orchestra),Perry Como,adult standards,1999,africa,72
225,It's Beginning to Look a Lot Like Christmas (with Mitchell Ayres & His Orchestra),Perry Como,adult standards,1999,belgium,72
368,It's Beginning to Look a Lot Like Christmas (with Mitchell Ayres & His Orchestra),Perry Como,adult standards,1999,canada,72
620,It's Beginning to Look a Lot Like Christmas (with Mitchell Ayres & His Orchestra),Perry Como,adult standards,1999,usa,72
40,It's Beginning to Look a Lot like Christmas,Michael Bublé,adult standards,2011,world,36
80,It's Beginning to Look a Lot like Christmas,Michael Bublé,adult standards,2011,africa,36
180,It's Beginning to Look a Lot like Christmas,Michael Bublé,adult standards,2011,australia,36
237,It's Beginning to Look a Lot like Christmas,Michael Bublé,adult standards,2011,belgium,36
384,It's Beginning to Look a Lot like Christmas,Michael Bublé,adult standards,2011,canada,36
421,It's Beginning to Look a Lot like Christmas,Michael Bublé,adult standards,2011,germany,36
530,It's Beginning to Look a Lot like Christmas,Michael Bublé,adult standards,2011,chile,36
580,It's Beginning to Look a Lot like Christmas,Michael Bublé,adult standards,2011,spain,36
631,It's Beginning to Look a Lot like Christmas,Michael Bublé,adult standards,2011,usa,36
870,It's Beginning to Look a Lot like Christmas,Michael Bublé,adult standards,2011,italy,36
989,It's Beginning to Look a Lot like Christmas,Michael Bublé,adult standards,2011,malasya,36
758,It's You,Ali Gatie,canadian hip hop,2019,indonesia,40
974,It's You,Ali Gatie,canadian hip hop,2019,malasya,40
15,It's the Most Wonderful Time of the Year,Andy Williams,adult standards,1963,world,78
58,It's the Most Wonderful Time of the Year,Andy Williams,adult standards,1963,africa,78
161,It's the Most Wonderful Time of the Year,Andy Williams,adult standards,1963,australia,78
213,It's the Most Wonderful Time of the Year,Andy Williams,adult standards,1963,belgium,78
355,It's the Most Wonderful Time of the Year,Andy Williams,adult standards,1963,canada,78
410,It's the Most Wonderful Time of the Year,Andy Williams,adult standards,1963,germany,78
608,It's the Most Wonderful Time of the Year,Andy Williams,adult standards,1963,usa,78
861,It's the Most Wonderful Time of the Year,Andy Williams,adult standards,1963,italy,78
972,It's the Most Wonderful Time of the Year,Andy Williams,adult standards,1963,malasya,78
728,"Jai Jai Shivshankar (From ""War"")",Vishal Dadlani,desi pop,2019,india,53
679,Jamais,Mister V,french hip hop,2019,france,79
93,Jerusalem,Master KG,kwaito house,2019,africa,84
14,Jingle Bell Rock,Bobby Helms,adult standards,1992,world,81
57,Jingle Bell Rock,Bobby Helms,adult standards,1992,africa,81
163,Jingle Bell Rock,Bobby Helms,adult standards,1992,australia,81
214,Jingle Bell Rock,Bobby Helms,adult standards,1992,belgium,81
260,Jingle Bell Rock,Bobby Helms,adult standards,1992,bolivia,81
356,Jingle Bell Rock,Bobby Helms,adult standards,1992,canada,81
409,Jingle Bell Rock,Bobby Helms,adult standards,1992,germany,81
510,Jingle Bell Rock,Bobby Helms,adult standards,1992,chile,81
607,Jingle Bell Rock,Bobby Helms,adult standards,1992,usa,81
859,Jingle Bell Rock,Bobby Helms,adult standards,1992,italy,81
971,Jingle Bell Rock,Bobby Helms,adult standards,1992,malasya,81
27,Jingle Bell Rock - Daryl's Version,Daryl Hall & John Oates,album rock,1983,world,84
71,Jingle Bell Rock - Daryl's Version,Daryl Hall & John Oates,album rock,1983,africa,84
168,Jingle Bell Rock - Daryl's Version,Daryl Hall & John Oates,album rock,1983,australia,84
227,Jingle Bell Rock - Daryl's Version,Daryl Hall & John Oates,album rock,1983,belgium,84
367,Jingle Bell Rock - Daryl's Version,Daryl Hall & John Oates,album rock,1983,canada,84
415,Jingle Bell Rock - Daryl's Version,Daryl Hall & John Oates,album rock,1983,germany,84
192,Jingle Bells (feat. The Puppini Sisters),Michael Bublé,adult standards,2011,australia,83
398,Jingle Bells (feat. The Puppini Sisters),Michael Bublé,adult standards,2011,canada,83
386,Joy To The World,Nat King Cole,adult standards,1962,canada,66
633,Joy To The World,Nat King Cole,adult standards,1962,usa,66
448,KARMA,Nimo,german hip hop,2019,germany,53
447,KEIN SCHLAF,Nimo,german hip hop,2019,germany,43
742,"Kaise Hua (From ""Kabir Singh"")",Vishal Mishra,desi pop,2019,india,15
732,Kalank (Title Track),Arijit Singh,desi pop,2019,india,44
790,Kartonyono Medot Janji,Denny Caknan,Other,2019,indonesia,75
441,Keine Liebe,RIN,german cloud rap,2019,germany,57
792,Kenangan Manis,Pamungkas,indonesian indie,2018,indonesia,72
785,Kumau Dia,Andmesh,indonesian pop,2019,indonesia,60
106,LA CANCIÓN,J Balvin,latin,2019,argentina,43
257,LA CANCIÓN,J Balvin,latin,2019,bolivia,43
456,LA CANCIÓN,J Balvin,latin,2019,colombia,43
507,LA CANCIÓN,J Balvin,latin,2019,chile,43
494,La Burrita,Los Corraleros De Majagual,cumbia,2012,colombia,95
544,La Cama,Lunay,latin,2019,chile,82
595,La Cama,Lunay,latin,2019,spain,82
149,La Cola,Los Palmeras,argentine rock,2016,argentina,87
299,La Difícil,Camilo,colombian pop,2019,bolivia,55
484,La Noche,Joe Arroyo,cumbia,1999,colombia,83
589,La Rubia - Remix 2,La Nueva Escuela,dembow,2019,spain,75
675,La vie qu'on mène,Ninho,french hip hop,2019,france,46
89,Labantwana Ama Uber,Semi Tee,amapiano,2019,africa,53
812,Lalala,Y2K,pop rap,2019,israel,50
498,Las Caleñas,Pastor Lopez Y Su Combo,cumbia,2010,colombia,94
490,Las Cuatro Fiestas,Diomedes Diaz,cumbia,2006,colombia,97
37,Last Christmas,Wham!,new wave pop,1984,world,95
77,Last Christmas,Wham!,new wave pop,1984,africa,95
177,Last Christmas,Wham!,new wave pop,1984,australia,95
234,Last Christmas,Wham!,new wave pop,1984,belgium,95
285,Last Christmas,Wham!,new wave pop,1984,bolivia,95
379,Last Christmas,Wham!,new wave pop,1984,canada,95
419,Last Christmas,Wham!,new wave pop,1984,germany,95
574,Last Christmas,Wham!,new wave pop,1984,spain,95
628,Last Christmas,Wham!,new wave pop,1984,usa,95
661,Last Christmas,Wham!,new wave pop,1984,france,95
867,Last Christmas,Wham!,new wave pop,1984,italy,95
906,Last Christmas,Wham!,new wave pop,1984,japan,95
988,Last Christmas,Wham!,new wave pop,1984,malasya,95
775,Lebih Dari Egoku,Mawar De Jongh,indonesian pop,2019,indonesia,33
320,Lençol Dobrado,João Gustavo e Murilo,funk carioca,2018,brazil,67
22,Let It Snow! Let It Snow! Let It Snow!,Dean Martin,adult standards,1959,world,70
65,Let It Snow! Let It Snow! Let It Snow!,Dean Martin,adult standards,1959,africa,70
221,Let It Snow! Let It Snow! Let It Snow!,Dean Martin,adult standards,1959,belgium,70
363,Let It Snow! Let It Snow! Let It Snow!,Dean Martin,adult standards,1959,canada,70
618,Let It Snow! Let It Snow! Let It Snow!,Dean Martin,adult standards,1959,usa,70
659,Let It Snow! Let It Snow! Let It Snow!,Dean Martin,adult standards,1959,france,70
18,Let It Snow! Let It Snow! Let It Snow! (with The B. Swanson Quartet),Frank Sinatra,adult standards,1994,world,84
61,Let It Snow! Let It Snow! Let It Snow! (with The B. Swanson Quartet),Frank Sinatra,adult standards,1994,africa,84
164,Let It Snow! Let It Snow! Let It Snow! (with The B. Swanson Quartet),Frank Sinatra,adult standards,1994,australia,84
217,Let It Snow! Let It Snow! Let It Snow! (with The B. Swanson Quartet),Frank Sinatra,adult standards,1994,belgium,84
359,Let It Snow! Let It Snow! Let It Snow! (with The B. Swanson Quartet),Frank Sinatra,adult standards,1994,canada,84
612,Let It Snow! Let It Snow! Let It Snow! (with The B. Swanson Quartet),Frank Sinatra,adult standards,1994,usa,84
862,Let It Snow! Let It Snow! Let It Snow! (with The B. Swanson Quartet),Frank Sinatra,adult standards,1994,italy,84
305,Liberdade Provisória,Henrique & Juliano,sertanejo universitario,2019,brazil,70
374,Like It's Christmas,Jonas Brothers,boy band,2019,canada,61
626,Like It's Christmas,Jonas Brothers,boy band,2019,usa,61
183,Little Saint Nick - 1991 Remix,The Beach Boys,baroque pop,1964,australia,97
638,Little Saint Nick - 1991 Remix,The Beach Boys,baroque pop,1964,usa,97
290,Loco,Beéle,Other,2019,bolivia,77
477,Loco,Beéle,Other,2019,colombia,77
672,Loin de moi,Naza,francoton,2019,france,50
489,Loquito por Ti,Armando Hernandez,chicha,2012,colombia,86
94,Lorch,Kabza De Small,afro house,2019,africa,41
482,Los sabanales,Calixto Ochoa,cumbia,1971,colombia,78
753,Lose You To Love Me,Selena Gomez,dance pop,2019,indonesia,9
958,Lose You To Love Me,Selena Gomez,dance pop,2019,malasya,9
99,"Love You Tonight (feat. DJ Maphorisa, Sha Sha & Kabza De Small)",Mfr Souls,afro house,2019,africa,68
981,Lover (Remix) [feat. Shawn Mendes],Taylor Swift,pop,2019,malasya,42
756,Lucid Dreams,Juice WRLD,chicago rap,2018,indonesia,22
811,Lucid Dreams,Juice WRLD,chicago rap,2018,israel,22
964,Lucid Dreams,Juice WRLD,chicago rap,2018,malasya,22
678,Ma belle,Moha La Squale,french hip hop,2019,france,47
691,Ma vie,Dadju,francoton,2019,france,32
939,Machigaisagashi,Masaki Suda,anime rock,2019,japan,44
717,Makhna,Tanishk Bagchi,desi pop,2019,india,43
681,Maman ne le sait pas (feat. Niska),Ninho,french hip hop,2019,france,39
545,Mami,Paloma Mami,latin pop,2019,chile,51
685,Marie,Koba LaD,french hip hop,2019,france,68
193,Mary's Boy Child / Oh My Lord,Boney M.,disco,2017,australia,93
673,Mayday (feat. Ninho),SCH,french hip hop,2019,france,25
141,Me Vas a Extrañar - En Vivo,Damas Gratis,cumbia villera,2018,argentina,64
760,Mean It,Lauv,pop,2019,indonesia,34
977,Mean It,Lauv,pop,2019,malasya,34
641,Mele Kalikimaka (Merry Christmas),Bing Crosby,adult standards,1945,usa,62
2,Memories,Maroon 5,pop,2019,world,57
52,Memories,Maroon 5,pop,2019,africa,57
153,Memories,Maroon 5,pop,2019,australia,57
202,Memories,Maroon 5,pop,2019,belgium,57
652,Memories,Maroon 5,pop,2019,france,57
700,Memories,Maroon 5,pop,2019,india,57
751,Memories,Maroon 5,pop,2019,indonesia,57
802,Memories,Maroon 5,pop,2019,israel,57
851,Memories,Maroon 5,pop,2019,italy,57
951,Memories,Maroon 5,pop,2019,malasya,57
737,"Mere Sohneya (From ""Kabir Singh"")",Sachet Tandon,desi pop,2019,india,65
49,Merry Christmas Everyone,Shakin' Stevens,new wave pop,1997,world,96
87,Merry Christmas Everyone,Shakin' Stevens,new wave pop,1997,africa,96
197,Merry Christmas Everyone,Shakin' Stevens,new wave pop,1997,australia,96
248,Merry Christmas Everyone,Shakin' Stevens,new wave pop,1997,belgium,96
399,Merry Christmas Everyone,Shakin' Stevens,new wave pop,1997,canada,96
445,Merry Christmas Everyone,Shakin' Stevens,new wave pop,1997,germany,96
436,Merry Xmas Everybody,Slade,album rock,1973,germany,47
343,"Mil Anos - Recorded At Mosh Studios, São Paulo",Jorge & Mateus,sertanejo,2019,brazil,45
996,Mimpi (feat. Alif),K-Clique,malaysian indie,2019,malasya,87
17,Mistletoe,Justin Bieber,canadian pop,2011,world,85
59,Mistletoe,Justin Bieber,canadian pop,2011,africa,85
162,Mistletoe,Justin Bieber,canadian pop,2011,australia,85
216,Mistletoe,Justin Bieber,canadian pop,2011,belgium,85
358,Mistletoe,Justin Bieber,canadian pop,2011,canada,85
408,Mistletoe,Justin Bieber,canadian pop,2011,germany,85
610,Mistletoe,Justin Bieber,canadian pop,2011,usa,85
860,Mistletoe,Justin Bieber,canadian pop,2011,italy,85
969,Mistletoe,Justin Bieber,canadian pop,2011,malasya,85
392,Mistletoe And Holly - Remastered 1999,Frank Sinatra,adult standards,1957,canada,34
642,Mistletoe And Holly - Remastered 1999,Frank Sinatra,adult standards,1957,usa,34
439,Mit Dir,Loredana,kosovan pop,2019,germany,64
692,Mortel,Koba LaD,french hip hop,2019,france,66
666,Moulaga,Heuss L'enfoiré,french hip hop,2019,france,48
747,"Mummy Nu Pasand (From ""Jai Mummy Di"")",Sunanda Sharma,desi pop,2019,india,80
743,"Muqabla (From ""Street Dancer 3D"")",Yash Narvekar,desi pop,2019,india,54
709,My Oh My (feat. DaBaby),Camila Cabello,dance pop,2019,india,38
814,My Oh My (feat. DaBaby),Camila Cabello,dance pop,2019,israel,38
973,My Oh My (feat. DaBaby),Camila Cabello,dance pop,2019,malasya,38
42,My Only Wish (This Year),Britney Spears,dance pop,2019,world,68
239,My Only Wish (This Year),Britney Spears,dance pop,2019,belgium,68
422,My Only Wish (This Year),Britney Spears,dance pop,2019,germany,68
684,Méchant,Niska,french hip hop,2019,france,41
734,"Naah Goriye (From ""Bala"")",B Praak,desi pop,2019,india,72
90,Nana Thula,Kabza De Small,afro house,2019,africa,59
547,"Navidad, Navidad",Luis Miguel,bolero,2006,chile,75
244,Ne reviens pas,Gradur,french hip hop,2019,belgium,93
669,Ne reviens pas,Gradur,french hip hop,2019,france,93
819,Never Go Back,Dennis Lloyd,israeli pop,2019,israel,73
186,Never Seen The Rain,Tones and I,australian pop,2019,australia,27
818,Nevermind,Dennis Lloyd,israeli pop,2017,israel,8
144,No Dijeron Nada,Oscu,trap argentino,2019,argentina,91
975,No Idea,Don Toliver,rap,2019,malasya,35
120,No Me Conoce - Remix,Jhay Cortez,latin,2019,argentina,58
271,No Me Conoce - Remix,Jhay Cortez,latin,2019,bolivia,58
468,No Me Conoce - Remix,Jhay Cortez,latin,2019,colombia,58
519,No Me Conoce - Remix,Jhay Cortez,latin,2019,chile,58
570,No Me Conoce - Remix,Jhay Cortez,latin,2019,spain,58
142,No Te Creas Tan Importante - En Vivo,Damas Gratis,cumbia villera,2018,argentina,67
537,No Te Debí Besar,C. Tangana,trap espanol,2019,chile,62
889,Non Avere Paura,Tommaso Paradiso,italian arena pop,2019,italy,24
296,Nunca Es Suficiente,Los Angeles Azules,grupera,2018,bolivia,80
438,Nur zur Info,Ufo361,german cloud rap,2019,germany,23
795,Nyaman,Andmesh,indonesian pop,2019,indonesia,46
745,"O Saki Saki (From ""Batla House"")",Neha Kakkar,desi pop,2019,india,57
645,O Tannenbaum,Vince Guaraldi Trio,adult standards,1965,usa,34
147,Ocho Cuarenta,Rodrigo,argentine rock,1998,argentina,85
493,Ojitos Hechiceros,Rodolfo Aicardi,classic colombian pop,2012,colombia,62
146,Olvídala,Los Palmeras,argentine rock,2004,argentina,52
713,On My Way,Alan Walker,electro house,2019,india,30
765,On My Way,Alan Walker,electro house,2019,indonesia,30
784,One Only,Pamungkas,indonesian indie,2018,indonesia,11
282,Otro Trago,Sech,panamanian pop,2019,bolivia,62
122,Otro Trago - Remix,Sech,panamanian pop,2019,argentina,76
276,Otro Trago - Remix,Sech,panamanian pop,2019,bolivia,76
521,Otro Trago - Remix,Sech,panamanian pop,2019,chile,76
569,Otro Trago - Remix,Sech,panamanian pop,2019,spain,76
667,Oui ou non,Angèle,belgian pop,2019,france,36
132,Oye,TINI,latin pop,2019,argentina,26
281,Pa Mí - Remix,Dalex,latin,2019,bolivia,73
277,Pa' Olvidarme De Ella,Piso 21,colombian pop,2019,bolivia,64
474,Pa' Olvidarme De Ella,Piso 21,colombian pop,2019,colombia,64
720,"Pachtaoge (From ""Jaani Ve"")",Arijit Singh,desi pop,2019,india,48
722,Pal Pal Dil Ke Paas- Title Track,Arijit Singh,desi pop,2019,india,39
947,Paprika,Foorin,kodomo no ongaku,2018,japan,73
329,"Para, Pensa e Volta - Ao Vivo",Yasmin Santos,sertanejo pop,2019,brazil,57
786,"Pelukku Untuk Pelikmu - OST Imperfect: Karier, Cinta, & Timbangan",Fiersa Besari,indonesian indie,2019,indonesia,25
791,Percaya Aku,Chintya Gabriella,Other,2019,indonesia,30
130,Perreo en La Luna,Rich Music LTD,reggaeton,2019,argentina,72
534,Perreo en La Luna,Rich Music LTD,reggaeton,2019,chile,72
583,Perreo en La Luna,Rich Music LTD,reggaeton,2019,spain,72
695,Petit Papa Noël,Tino Rossi,chanson,1998,france,42
536,Piensan,Myke Towers,latin,2019,chile,79
783,Pilu Membiru,Kunto Aji,indonesian indie,2018,indonesia,5
542,Piropo,Noriel,latin,2019,chile,77
879,Pookie (feat. Capo Plaza) - Remix,Aya Nakamura,basshall,2019,italy,51
664,Popopop,Gambi,pop urbaine,2019,france,41
599,Prendio - Remix,Rvfv,trap espanol,2019,spain,75
593,Prendío,Rvfv,trap espanol,2019,spain,90
934,Pretender,Official HIGE DANdism,anime rock,2019,japan,37
724,Proper Patola,Badshah,desi hip hop,2018,india,49
780,Psycho,Red Velvet,k-pop,2019,indonesia,41
994,Psycho,Red Velvet,k-pop,2019,malasya,41
273,QUE PRETENDES,J Balvin,latin,2019,bolivia,94
469,QUE PRETENDES,J Balvin,latin,2019,colombia,94
522,QUE PRETENDES,J Balvin,latin,2019,chile,94
318,Quando a vontade bater (Participação especial de PK Delas),Pk,brazilian edm,2019,brazil,70
314,Quarta Cadeira - Ao Vivo,Matheus & Kauan,pop nacional,2019,brazil,60
576,Que Calor (feat. J Balvin & El Alfa),Major Lazer,dance pop,2019,spain,46
662,Que Calor (feat. J Balvin & El Alfa),Major Lazer,dance pop,2019,france,46
286,Que Mas Pues - Remix,Sech,panamanian pop,2019,bolivia,81
109,Que Tire Pa Lante,Daddy Yankee,latin,2019,argentina,71
262,Que Tire Pa Lante,Daddy Yankee,latin,2019,bolivia,71
460,Que Tire Pa Lante,Daddy Yankee,latin,2019,colombia,71
512,Que Tire Pa Lante,Daddy Yankee,latin,2019,chile,71
348,Quem Traiu Levou - Ao Vivo,Gusttavo Lima,sertanejo universitario,2019,brazil,83
112,Quizas,Rich Music LTD,reggaeton,2019,argentina,68
266,Quizas,Rich Music LTD,reggaeton,2019,bolivia,68
461,Quizas,Rich Music LTD,reggaeton,2019,colombia,68
514,Quizas,Rich Music LTD,reggaeton,2019,chile,68
566,Quizas,Rich Music LTD,reggaeton,2019,spain,68
279,Qué Pena,Maluma,latin,2019,bolivia,86
473,Qué Pena,Maluma,latin,2019,colombia,86
7,RITMO (Bad Boys For Life),The Black Eyed Peas,dance pop,2019,world,67
101,RITMO (Bad Boys For Life),The Black Eyed Peas,dance pop,2019,argentina,67
252,RITMO (Bad Boys For Life),The Black Eyed Peas,dance pop,2019,bolivia,67
451,RITMO (Bad Boys For Life),The Black Eyed Peas,dance pop,2019,colombia,67
502,RITMO (Bad Boys For Life),The Black Eyed Peas,dance pop,2019,chile,67
553,RITMO (Bad Boys For Life),The Black Eyed Peas,dance pop,2019,spain,67
654,RITMO (Bad Boys For Life),The Black Eyed Peas,dance pop,2019,france,67
854,RITMO (Bad Boys For Life),The Black Eyed Peas,dance pop,2019,italy,67
1,ROXANNE,Arizona Zervas,pop rap,2019,world,46
53,ROXANNE,Arizona Zervas,pop rap,2019,africa,46
151,ROXANNE,Arizona Zervas,pop rap,2019,australia,46
201,ROXANNE,Arizona Zervas,pop rap,2019,belgium,46
351,ROXANNE,Arizona Zervas,pop rap,2019,canada,46
401,ROXANNE,Arizona Zervas,pop rap,2019,germany,46
551,ROXANNE,Arizona Zervas,pop rap,2019,spain,46
600,ROXANNE,Arizona Zervas,pop rap,2019,usa,46
651,ROXANNE,Arizona Zervas,pop rap,2019,france,46
701,ROXANNE,Arizona Zervas,pop rap,2019,india,46
752,ROXANNE,Arizona Zervas,pop rap,2019,indonesia,46
801,ROXANNE,Arizona Zervas,pop rap,2019,israel,46
852,ROXANNE,Arizona Zervas,pop rap,2019,italy,46
952,ROXANNE,Arizona Zervas,pop rap,2019,malasya,46
338,Relógio Parado (Ao Vivo),Diego & Arnaldo,sertanejo,2019,brazil,73
698,Reste,Maître Gims,french hip hop,2019,france,69
158,Ride It,Regard,pop edm,2019,australia,88
211,Ride It,Regard,pop edm,2019,belgium,88
406,Ride It,Regard,pop edm,2019,germany,88
657,Ride It,Regard,pop edm,2019,france,88
13,Rockin' Around The Christmas Tree,Brenda Lee,adult standards,1964,world,90
56,Rockin' Around The Christmas Tree,Brenda Lee,adult standards,1964,africa,90
159,Rockin' Around The Christmas Tree,Brenda Lee,adult standards,1964,australia,90
212,Rockin' Around The Christmas Tree,Brenda Lee,adult standards,1964,belgium,90
354,Rockin' Around The Christmas Tree,Brenda Lee,adult standards,1964,canada,90
606,Rockin' Around The Christmas Tree,Brenda Lee,adult standards,1964,usa,90
857,Rockin' Around The Christmas Tree,Brenda Lee,adult standards,1964,italy,90
967,Rockin' Around The Christmas Tree,Brenda Lee,adult standards,1964,malasya,90
189,Rockin' Around the Christmas Tree,Brenda Lee,adult standards,1991,australia,83
427,Roller,Apache 207,german hip hop,2019,germany,68
663,Roses - Imanbek Remix,SAINt JHN,melodic rap,2019,france,90
423,Rudolph The Red-Nosed Reindeer,Dean Martin,adult standards,1959,germany,86
588,Rueda,Chimbala,dembow,2019,spain,96
31,Run Rudolph Run - Single Version,Chuck Berry,blues rock,1986,world,96
172,Run Rudolph Run - Single Version,Chuck Berry,blues rock,1986,australia,96
372,Run Rudolph Run - Single Version,Chuck Berry,blues rock,1986,canada,96
625,Run Rudolph Run - Single Version,Chuck Berry,blues rock,1986,usa,96
322,S de Saudade,Luíza & Maurílio,sertanejo pop,2019,brazil,79
309,SENTADÃO,Pedro Sampaio,baile pop,2019,brazil,92
444,STAR,Nimo,german hip hop,2019,germany,60
874,SUPREME - L'ego (feat. tha Supreme & Sfera Ebbasta),Marracash,italian hip hop,2019,italy,51
723,Sakhiyaan,Maninder Buttar,desi pop,2018,india,36
98,Sandton,Kabza De Small,afro house,2019,africa,59
34,Santa Baby,Ariana Grande,dance pop,2013,world,77
74,Santa Baby,Ariana Grande,dance pop,2013,africa,77
231,Santa Baby,Ariana Grande,dance pop,2013,belgium,77
373,Santa Baby,Ariana Grande,dance pop,2013,canada,77
627,Santa Baby,Ariana Grande,dance pop,2013,usa,77
647,Santa Baby (with Henri René & His Orchestra),Eartha Kitt,adult standards,2002,usa,49
883,Santa Claus Is Comin' to Town,Frank Sinatra,adult standards,1994,italy,69
36,"Santa Claus Is Comin' to Town - Live at C.W. Post College, Greenvale, NY - December 1975",Bruce Springsteen,heartland rock,1981,world,41
75,"Santa Claus Is Comin' to Town - Live at C.W. Post College, Greenvale, NY - December 1975",Bruce Springsteen,heartland rock,1981,africa,41
232,"Santa Claus Is Comin' to Town - Live at C.W. Post College, Greenvale, NY - December 1975",Bruce Springsteen,heartland rock,1981,belgium,41
378,"Santa Claus Is Comin' to Town - Live at C.W. Post College, Greenvale, NY - December 1975",Bruce Springsteen,heartland rock,1981,canada,41
866,"Santa Claus Is Comin' to Town - Live at C.W. Post College, Greenvale, NY - December 1975",Bruce Springsteen,heartland rock,1981,italy,41
39,Santa Claus Is Coming To Town,The Jackson 5,adult standards,1970,world,96
79,Santa Claus Is Coming To Town,The Jackson 5,adult standards,1970,africa,96
178,Santa Claus Is Coming To Town,The Jackson 5,adult standards,1970,australia,96
236,Santa Claus Is Coming To Town,The Jackson 5,adult standards,1970,belgium,96
381,Santa Claus Is Coming To Town,The Jackson 5,adult standards,1970,canada,96
630,Santa Claus Is Coming To Town,The Jackson 5,adult standards,1970,usa,96
48,Santa Claus Is Coming to Town,Michael Bublé,adult standards,2011,world,42
86,Santa Claus Is Coming to Town,Michael Bublé,adult standards,2011,africa,42
194,Santa Claus Is Coming to Town,Michael Bublé,adult standards,2011,australia,42
246,Santa Claus Is Coming to Town,Michael Bublé,adult standards,2011,belgium,42
397,Santa Claus Is Coming to Town,Michael Bublé,adult standards,2011,canada,42
894,Santa Claus Is Coming to Town,Michael Bublé,adult standards,2011,italy,42
546,Santa Claus Llegó a La Ciudad,Luis Miguel,bolero,2006,chile,72
12,Santa Tell Me,Ariana Grande,dance pop,2014,world,59
55,Santa Tell Me,Ariana Grande,dance pop,2014,africa,59
157,Santa Tell Me,Ariana Grande,dance pop,2014,australia,59
210,Santa Tell Me,Ariana Grande,dance pop,2014,belgium,59
353,Santa Tell Me,Ariana Grande,dance pop,2014,canada,59
405,Santa Tell Me,Ariana Grande,dance pop,2014,germany,59
555,Santa Tell Me,Ariana Grande,dance pop,2014,spain,59
604,Santa Tell Me,Ariana Grande,dance pop,2014,usa,59
856,Santa Tell Me,Ariana Grande,dance pop,2014,italy,59
902,Santa Tell Me,Ariana Grande,dance pop,2014,japan,59
963,Santa Tell Me,Ariana Grande,dance pop,2014,malasya,59
741,Sauda Khara Khara,Diljit Dosanjh,desi pop,2019,india,88
941,Sayonara Elegy,Masaki Suda,anime rock,2018,japan,62
336,Se Prepara 2,Mc Livinho,funk carioca,2019,brazil,36
594,Se iluminaba,Fred De Palma,italian arena pop,2019,spain,62
797,Secukupnya,Hindia,indonesian indie,2019,indonesia,93
781,Selamat (Selamat Tinggal),Virgoun,indonesian pop,2019,indonesia,37
317,Sentou e Gostou,MC JottaPê,funk carioca,2019,brazil,72
323,Serenata - Ao Vivo,Marília Mendonça,sertanejo,2019,brazil,74
24,Señorita,Shawn Mendes,canadian pop,2019,world,75
67,Señorita,Shawn Mendes,canadian pop,2019,africa,75
118,Señorita,Shawn Mendes,canadian pop,2019,argentina,75
223,Señorita,Shawn Mendes,canadian pop,2019,belgium,75
270,Señorita,Shawn Mendes,canadian pop,2019,bolivia,75
467,Señorita,Shawn Mendes,canadian pop,2019,colombia,75
660,Señorita,Shawn Mendes,canadian pop,2019,france,75
710,Señorita,Shawn Mendes,canadian pop,2019,india,75
759,Señorita,Shawn Mendes,canadian pop,2019,indonesia,75
815,Señorita,Shawn Mendes,canadian pop,2019,israel,75
976,Señorita,Shawn Mendes,canadian pop,2019,malasya,75
733,"Shaitan Ka Saala (From ""Housefull 4"")",Sohail Sen,desi pop,2019,india,34
905,Shape of You,Ed Sheeran,pop,2017,japan,93
938,Shukumei,Official HIGE DANdism,anime rock,2019,japan,49
525,Si Se Da - Remix,Myke Towers,latin,2019,chile,77
538,Si Supieras,Daddy Yankee,latin,2019,chile,62
113,Si Te Vas,Sech,panamanian pop,2019,argentina,55
264,Si Te Vas,Sech,panamanian pop,2019,bolivia,55
464,Si Te Vas,Sech,panamanian pop,2019,colombia,55
515,Si Te Vas,Sech,panamanian pop,2019,chile,55
565,Si Te Vas,Sech,panamanian pop,2019,spain,55
596,Si por mi fuera,Beret,spanish hip hop,2019,spain,88
131,Sigues Con El,Dimelo Flow,latin,2019,argentina,68
288,Sigues Con El,Dimelo Flow,latin,2019,bolivia,68
476,Sigues Con El,Dimelo Flow,latin,2019,colombia,68
531,Sigues Con El,Dimelo Flow,latin,2019,chile,68
581,Sigues Con El,Dimelo Flow,latin,2019,spain,68
449,Skifahren,The Cratez,german hip hop,2019,germany,44
47,Sleigh Ride,The Ronettes,adult standards,2019,world,85
85,Sleigh Ride,The Ronettes,adult standards,2019,africa,85
191,Sleigh Ride,The Ronettes,adult standards,2019,australia,85
245,Sleigh Ride,The Ronettes,adult standards,2019,belgium,85
396,Sleigh Ride,The Ronettes,adult standards,2019,canada,85
646,Sleigh Ride,The Ronettes,adult standards,2019,usa,85
767,So Am I,Ava Max,dance pop,2019,indonesia,61
878,Soldi in Nero - feat. Sfera Ebbasta,Shiva,italian hip hop,2019,italy,35
339,Solteiro Não Trai - Ao Vivo,Gustavo Mioto,sertanejo,2018,brazil,60
133,Soltera - Remix,Lunay,latin,2019,argentina,80
293,Soltera - Remix,Lunay,latin,2019,bolivia,80
478,Soltera - Remix,Lunay,latin,2019,colombia,80
540,Soltera - Remix,Lunay,latin,2019,chile,80
306,Some que ele vem atrás,Anitta,baile pop,2019,brazil,60
11,Someone You Loved,Lewis Capaldi,pop,2019,world,45
208,Someone You Loved,Lewis Capaldi,pop,2019,belgium,45
755,Someone You Loved,Lewis Capaldi,pop,2019,indonesia,45
808,Someone You Loved,Lewis Capaldi,pop,2019,israel,45
959,Someone You Loved,Lewis Capaldi,pop,2019,malasya,45
499,Sorbito De Champagne - Digitally Remastered Original,Pastor Lopez,cumbia,2006,colombia,70
143,Soy Sabalero,Los Palmeras,argentine rock,2019,argentina,85
798,Speechless (Full),Naomi Scott,hollywood,2019,indonesia,23
944,Stand By You,Official HIGE DANdism,anime rock,2019,japan,63
32,Step Into Christmas,Elton John,glam rock,1973,world,82
171,Step Into Christmas,Elton John,glam rock,1973,australia,82
375,Step Into Christmas,Elton John,glam rock,1973,canada,82
418,Step Into Christmas,Elton John,glam rock,1973,germany,82
682,Street,Maes,french hip hop,2019,france,49
95,Sukendleleni,Jobe London,afro house,2019,africa,24
712,Sunflower - Spider-Man: Into the Spider-Verse,Post Malone,dfw rap,2019,india,93
979,Sunflower - Spider-Man: Into the Spider-Verse,Post Malone,dfw rap,2019,malasya,93
303,Supera - Ao Vivo,Marília Mendonça,sertanejo,2019,brazil,66
302,Surtada - Remix Brega Funk,Dadá Boladão,brega funk,2019,brazil,88
487,Tabaco y Ron,Rodolfo Aicardi,classic colombian pop,2012,colombia,96
799,Tak Ingin Pisah Lagi,Marion Jola,indonesian pop,2019,indonesia,34
768,Takeaway,The Chainsmokers,electropop,2019,indonesia,35
990,Takeaway,The Chainsmokers,electropop,2019,malasya,35
134,Tal Vez,Paulo Londra,argentine hip hop,2019,argentina,74
294,Tal Vez,Paulo Londra,argentine hip hop,2019,bolivia,74
779,Tanpa Tergesa,Juicy Luicy,indonesian pop,2018,indonesia,45
575,Te Quemaste,Manuel Turizo,colombian pop,2019,spain,72
283,Te Vi,Piso 21,colombian pop,2018,bolivia,71
948,Teenager Forever,King Gnu,j-pop,2019,japan,70
88,Tender Love (feat. DJ Maphorisa & Kabza De Small),Sha Sha,afro house,2019,africa,45
746,"Tera Ban Jaunga (From ""Kabir Singh"")",Akhil Sachdeva,desi pop,2019,india,40
188,Thank God It's Christmas - Non-Album Single,Queen,glam rock,1984,australia,34
431,Thank God It's Christmas - Non-Album Single,Queen,glam rock,1984,germany,34
442,The Best Side Of Life,Sarah Connor,german pop,2006,germany,55
365,The Box,Roddy Ricch,melodic rap,2019,canada,64
617,The Box,Roddy Ricch,melodic rap,2019,usa,64
20,The Christmas Song (Merry Christmas To You),Nat King Cole,adult standards,1962,world,21
63,The Christmas Song (Merry Christmas To You),Nat King Cole,adult standards,1962,africa,21
166,The Christmas Song (Merry Christmas To You),Nat King Cole,adult standards,1962,australia,21
220,The Christmas Song (Merry Christmas To You),Nat King Cole,adult standards,1962,belgium,21
361,The Christmas Song (Merry Christmas To You),Nat King Cole,adult standards,1962,canada,21
615,The Christmas Song (Merry Christmas To You),Nat King Cole,adult standards,1962,usa,21
249,This Christmas,Donny Hathaway,chicago soul,1971,belgium,68
649,This Christmas,Donny Hathaway,chicago soul,1971,usa,68
876,Ti volevo dedicare (feat. J-AX & Boomdabash),Rocco Hunt,italian hip hop,2019,italy,27
310,Tijolão - Ao Vivo,Jorge & Mateus,sertanejo,2019,brazil,69
349,Tiro Certo - Ao Vivo,Zé Felipe,funk carioca,2019,brazil,69
333,To Voando Alto,Mc Poze do Rodo,funk carioca,2019,brazil,80
324,Todo Mundo Vai Sofrer - Ao Vivo,Marília Mendonça,sertanejo,2019,brazil,58
773,Tolong,Budi Doremi,indonesian pop,2018,indonesia,24
483,Traicionera,Pastor Lopez,cumbia,2012,colombia,96
658,Trampoline (with ZAYN),SHAED,electropop,2019,france,50
708,Trampoline (with ZAYN),SHAED,electropop,2019,india,50
968,Trampoline (with ZAYN),SHAED,electropop,2019,malasya,50
738,"Tu Hi Yaar Mera (From ""Pati Patni Aur Woh"")",Rochak,desi pop,2019,india,48
721,"Tujhe Kitna Chahne Lage (From ""Kabir Singh"")",Arijit Singh,desi pop,2019,india,31
715,"Tum Hi Aana (From ""Marjaavaan"")",Payal Dev,modern bollywood,2019,india,35
917,Turning Up,ARASHI,j-pop,2019,japan,90
9,Tusa,KAROL G,latin,2019,world,57
102,Tusa,KAROL G,latin,2019,argentina,57
253,Tusa,KAROL G,latin,2019,bolivia,57
452,Tusa,KAROL G,latin,2019,colombia,57
503,Tusa,KAROL G,latin,2019,chile,57
554,Tusa,KAROL G,latin,2019,spain,57
891,Tutto Questo Sei Tu,Ultimo,italian pop,2019,italy,42
111,Tutu,Camilo,colombian pop,2019,argentina,94
263,Tutu,Camilo,colombian pop,2019,bolivia,94
463,Tutu,Camilo,colombian pop,2019,colombia,94
516,Tutu,Camilo,colombian pop,2019,chile,94
942,Umbrella,King Gnu,j-pop,2019,japan,70
92,Umlilo,DJ Zinhle,kwaito,2019,africa,62
693,Un million par mois,Djadja & Dinaz,french hip hop,2019,france,72
677,Un peu de haine,PLK,french hip hop,2019,france,42
145,Una Cerveza,Rafaga,cumbia chilena,2016,argentina,76
292,Una Vida Para Recordar,Piso 21,colombian pop,2019,bolivia,48
892,Una volta ancora (feat. Ana Mena),Fred De Palma,italian arena pop,2019,italy,59
25,Underneath the Tree,Kelly Clarkson,dance pop,2013,world,69
68,Underneath the Tree,Kelly Clarkson,dance pop,2013,africa,69
169,Underneath the Tree,Kelly Clarkson,dance pop,2013,australia,69
224,Underneath the Tree,Kelly Clarkson,dance pop,2013,belgium,69
366,Underneath the Tree,Kelly Clarkson,dance pop,2013,canada,69
414,Underneath the Tree,Kelly Clarkson,dance pop,2013,germany,69
621,Underneath the Tree,Kelly Clarkson,dance pop,2013,usa,69
865,Underneath the Tree,Kelly Clarkson,dance pop,2013,italy,69
904,Underneath the Tree,Kelly Clarkson,dance pop,2013,japan,69
820,Unfaithful,Dennis Lloyd,israeli pop,2019,israel,42
731,Vaaste,Dhvani Bhanushali,desi pop,2019,india,32
744,Ve Maahi,Arijit Singh,desi pop,2019,india,29
849,Ve'Eem Tavo'ee Elay (And If You Will Come To Me),Idan Raichel,classic israeli pop,2019,israel,23
325,Verdinha,Ludmilla,baile pop,2019,brazil,63
528,Verte Ir,DJ Luian,latin,2019,chile,55
104,Vete,Bad Bunny,latin,2019,argentina,53
254,Vete,Bad Bunny,latin,2019,bolivia,53
454,Vete,Bad Bunny,latin,2019,colombia,53
504,Vete,Bad Bunny,latin,2019,chile,53
556,Vete,Bad Bunny,latin,2019,spain,53
446,Vor der Tür,Gzuz,deep german hip hop,2019,germany,20
332,Vou Ter Que Superar - Ao Vivo,Matheus & Kauan,pop nacional,2019,brazil,42
91,Vula Vala,DJ Maphorisa,afro house,2019,africa,14
496,Víspera de Año Nuevo,Guillermo Buitrago,classic colombian pop,2012,colombia,98
777,Waktu Yang Salah,Fiersa Besari,indonesian indie,2014,indonesia,30
921,Walking with you,Novelbright,j-pop,2018,japan,50
985,Watermelon Sugar,Harry Styles,dance pop,2019,malasya,56
772,Way Back Home (feat. Conor Maynard) - Sam Feldt Edit,SHAUN,k-pop,2018,indonesia,45
187,What Christmas Means To Me,Stevie Wonder,adult standards,1967,australia,82
393,What Christmas Means To Me,Stevie Wonder,adult standards,1967,canada,82
932,Wherever you are,ONE OK ROCK,j-pop,2010,japan,29
110,Whine Up,Nicky Jam,latin,2019,argentina,66
261,Whine Up,Nicky Jam,latin,2019,bolivia,66
459,Whine Up,Nicky Jam,latin,2019,colombia,66
511,Whine Up,Nicky Jam,latin,2019,chile,66
561,Whine Up,Nicky Jam,latin,2019,spain,66
21,White Christmas,Bing Crosby,adult standards,1942,world,25
64,White Christmas,Bing Crosby,adult standards,1942,africa,25
165,White Christmas,Bing Crosby,adult standards,1942,australia,25
219,White Christmas,Bing Crosby,adult standards,1942,belgium,25
362,White Christmas,Bing Crosby,adult standards,1942,canada,25
616,White Christmas,Bing Crosby,adult standards,1942,usa,25
195,White Christmas (with Shania Twain),Michael Bublé,adult standards,2011,australia,64
435,Wieso tust Du dir das an?,Apache 207,german hip hop,2019,germany,46
179,Winter Wonderland,Tony Bennett,adult standards,1968,australia,63
382,Winter Wonderland,Tony Bennett,adult standards,1968,canada,63
637,Winter Wonderland - Remastered 2006,Bing Crosby,adult standards,2006,usa,54
671,Woin Woin feat. RK,Larry,french hip hop,2019,france,70
19,Wonderful Christmastime - Edited Version / Remastered 2011,Paul McCartney,album rock,1980,world,77
62,Wonderful Christmastime - Edited Version / Remastered 2011,Paul McCartney,album rock,1980,africa,77
218,Wonderful Christmastime - Edited Version / Remastered 2011,Paul McCartney,album rock,1980,belgium,77
360,Wonderful Christmastime - Edited Version / Remastered 2011,Paul McCartney,album rock,1980,canada,77
411,Wonderful Christmastime - Edited Version / Remastered 2011,Paul McCartney,album rock,1980,germany,77
613,Wonderful Christmastime - Edited Version / Remastered 2011,Paul McCartney,album rock,1980,usa,77
863,Wonderful Christmastime - Edited Version / Remastered 2011,Paul McCartney,album rock,1980,italy,77
433,Wonderful Dream (Holidays Are Coming) - Radio Version,Melanie Thornton,Other,2001,germany,52
136,Ya No Mas,Fer Palacio,Other,2019,argentina,88
718,Yaad Piya Ki Aane Lagi,Neha Kakkar,desi pop,2019,india,69
937,Yesterday,Official HIGE DANdism,anime rock,2019,japan,56
115,"Yo x Ti, Tu x Mi",ROSALÍA,r&b en espanol,2019,argentina,58
268,"Yo x Ti, Tu x Mi",ROSALÍA,r&b en espanol,2019,bolivia,58
517,"Yo x Ti, Tu x Mi",ROSALÍA,r&b en espanol,2019,chile,58
564,"Yo x Ti, Tu x Mi",ROSALÍA,r&b en espanol,2019,spain,58
869,You Make It Feel Like Christmas (feat. Blake Shelton),Gwen Stefani,dance pop,2017,italy,91
592,Zorra,Bad Gyal,rap catalan,2019,spain,74
209,bad guy,Billie Eilish,electropop,2019,belgium,56
705,bad guy,Billie Eilish,electropop,2019,india,56
807,bad guy,Billie Eilish,electropop,2019,israel,56
901,bad guy,Billie Eilish,electropop,2019,japan,56
962,bad guy,Billie Eilish,electropop,2019,malasya,56
875,blun7 a swishland,tha Supreme,trap italiana,2019,italy,57
893,ch1 5ei te,tha Supreme,trap italiana,2019,italy,32
326,choque térmico - ao vivo,Luan Santana,funk carioca,2019,brazil,73
762,comethru,Jeremy Zucker,pop,2018,indonesia,61
987,comethru,Jeremy Zucker,pop,2018,malasya,61
5,everything i wanted,Billie Eilish,electropop,2019,world,24
205,everything i wanted,Billie Eilish,electropop,2019,belgium,24
804,everything i wanted,Billie Eilish,electropop,2019,israel,24
955,everything i wanted,Billie Eilish,electropop,2019,malasya,24
871,fuck 3x,tha Supreme,trap italiana,2019,italy,69
706,hot girl bummer,blackbear,pop,2019,india,68
960,hot girl bummer,blackbear,pop,2019,malasya,68
774,lowkey,NIKI,indie r&b,2019,indonesia,23
881,m12ano - feat. Mara Sattei,tha Supreme,trap italiana,2019,italy,48
898,m8nstar,tha Supreme,trap italiana,2019,italy,44
319,menina solta,Giulia Be,pop nacional,2019,brazil,67
888,occh1 purpl3 - feat. Marracash,tha Supreme,trap italiana,2019,italy,55
344,quando a bad bater - ao vivo,Luan Santana,funk carioca,2019,brazil,53
880,sw1n6o - feat. Salmo,tha Supreme,trap italiana,2019,italy,79
341,Áudio - Ao Vivo em Brasília,Diego & Victor Hugo,sertanejo pop,2019,brazil,45
