,title,artist,top genre,year,country,val,albums
2,100 Degrees,Rich Brian,indonesian hip hop,2019,indonesia,66,100 Degrees
3,105 F Remix,KEVVO,perreo,2019,chile,74,105 F Remix
4,105 F Remix,KEVVO,perreo,2019,spain,74,105 F Remix
5,200 km/h,Apache 207,german hip hop,2019,germany,41,200 km/h
6,2000 Miles - 2007 Remaster,Pretenders,album rock,1984,australia,45,2000 Miles (2007 Remaster)
8,7 rings,Ariana Grande,dance pop,2019,israel,33,7 rings
9,8 Days of Christmas,Destiny's Child,dance pop,1999,australia,64,8 Days of Christmas
10,8 Parche,Baani Sandhu,punjabi pop,2019,india,73,8 Parche
11,93% [Tijuana],GLK,francoton,2019,france,80,93% [Tijuana]
12,A Culpa é do Meu Grau (feat. Zé Neto & Cristiano) - Ao Vivo em Brasília,Diego & Victor Hugo,sertanejo pop,2019,brazil,63,Jaleo
13,A Dónde Vamos,Morat,colombian pop,2019,spain,96,A Dónde Vamos
14,A Gente Fez Amor - Ao Vivo,Gusttavo Lima,sertanejo universitario,2019,brazil,83,A Gente Fez Amor (Ao Vivo)
15,A Holly Jolly Christmas - Single Version,Burl Ives,adult standards,1998,world,86,A Holly Jolly Christmas (Single Version)
16,A Holly Jolly Christmas - Single Version,Burl Ives,adult standards,1998,africa,86,A Holly Jolly Christmas (Single Version)
17,A Holly Jolly Christmas - Single Version,Burl Ives,adult standards,1998,australia,86,A Holly Jolly Christmas (Single Version)
18,A Holly Jolly Christmas - Single Version,Burl Ives,adult standards,1998,belgium,86,A Holly Jolly Christmas (Single Version)
19,A Holly Jolly Christmas - Single Version,Burl Ives,adult standards,1998,canada,86,A Holly Jolly Christmas (Single Version)
20,A Holly Jolly Christmas - Single Version,Burl Ives,adult standards,1998,usa,86,A Holly Jolly Christmas (Single Version)
21,ANSIA NO,FSK SATELLITE,italian hip hop,2019,italy,71,ANSIA NO
22,Adan y Eva,Paulo Londra,argentine hip hop,2019,bolivia,72,Adan y Eva
23,Adicto (with Anuel AA & Ozuna),Tainy,pop reggaeton,2019,argentina,62,Adicto
24,Adicto (with Anuel AA & Ozuna),Tainy,pop reggaeton,2019,bolivia,62,Adicto
25,Adicto (with Anuel AA & Ozuna),Tainy,pop reggaeton,2019,colombia,62,Adicto
26,Adicto (with Anuel AA & Ozuna),Tainy,pop reggaeton,2019,chile,62,Adicto
27,Adicto (with Anuel AA & Ozuna),Tainy,pop reggaeton,2019,spain,62,Adicto
28,Adonay,Rodolfo Aicardi,classic colombian pop,2014,colombia,97,Adonay
29,Adore You,Harry Styles,dance pop,2019,australia,57,Adore You
30,Adore You,Harry Styles,dance pop,2019,malasya,57,Adore You
31,Adu Rayu,Yovie Widianto,indonesian pop,2019,indonesia,22,Adu Rayu
32,Akulaleki,Samthing Soweto,afro house,2019,africa,34,Akulaleki (Radio Edit)
33,Algo Mais (Amante) - Ao Vivo,Xand Avião,funk carioca,2019,brazil,67,Algo Mais (Amante) (Ao Vivo)
34,Alguien Me Gusta,Andy Rivera,latin,2019,colombia,81,Alguien Me Gusta
35,Algún Día Volveras,Santaferia,cumbia chilena,2018,chile,69,Algún Día Volveras
36,Alien,RIN,german cloud rap,2019,germany,85,Alien
37,All I Want for Christmas Is You,Mariah Carey,dance pop,1994,world,35,All I Want for Christmas Is You
38,All I Want for Christmas Is You,Mariah Carey,dance pop,1994,africa,35,All I Want for Christmas Is You
39,All I Want for Christmas Is You,Mariah Carey,dance pop,1994,australia,35,All I Want for Christmas Is You
40,All I Want for Christmas Is You,Mariah Carey,dance pop,1994,belgium,35,All I Want for Christmas Is You
41,All I Want for Christmas Is You,Mariah Carey,dance pop,1994,bolivia,35,All I Want for Christmas Is You
42,All I Want for Christmas Is You,Mariah Carey,dance pop,1994,canada,35,All I Want for Christmas Is You
43,All I Want for Christmas Is You,Mariah Carey,dance pop,1994,germany,35,All I Want for Christmas Is You
44,All I Want for Christmas Is You,Mariah Carey,dance pop,1994,chile,35,All I Want for Christmas Is You
45,All I Want for Christmas Is You,Mariah Carey,dance pop,1994,spain,35,All I Want for Christmas Is You
46,All I Want for Christmas Is You,Mariah Carey,dance pop,1994,usa,35,All I Want for Christmas Is You
47,All I Want for Christmas Is You,Mariah Carey,dance pop,1994,france,35,All I Want for Christmas Is You
48,All I Want for Christmas Is You,Mariah Carey,dance pop,1994,italy,35,All I Want for Christmas Is You
49,All I Want for Christmas Is You,Mariah Carey,dance pop,1994,japan,35,All I Want for Christmas Is You
50,All I Want for Christmas Is You,Mariah Carey,dance pop,1994,malasya,35,All I Want for Christmas Is You
52,Amor a Primera Vista,Los Angeles Azules,grupera,2019,bolivia,95,Amor a Primera Vista
53,April,Fiersa Besari,indonesian indie,2014,indonesia,57,April
54,Aristocrate,Heuss L'enfoiré,french hip hop,2019,france,63,Aristocrate
55,Atrévete,Nicky Jam,latin,2019,bolivia,59,Atrévete
56,Avant toi,Vitaa,francoton,2019,france,25,Avant toi
57,Aventura,Lunay,latin,2019,argentina,88,Aventura
58,Aventura,Lunay,latin,2019,bolivia,88,Aventura
59,Aventura,Lunay,latin,2019,colombia,88,Aventura
60,Aventura,Lunay,latin,2019,chile,88,Aventura
61,Aventura,Lunay,latin,2019,spain,88,Aventura
62,Aventurero,Yeison Jimenez,colombian pop,2019,colombia,90,Aventurero
63,Ayy Macarena,Tyga,pop rap,2019,germany,72,Ayy Macarena
64,Ayy Macarena,Tyga,pop rap,2019,italy,72,Ayy Macarena
65,Aí Eu Bebo - Ao Vivo,Maiara & Maraisa,sertanejo universitario,2019,brazil,85,Shadow
68,BOP,DaBaby,nc hip hop,2019,usa,84,BOP
69,BRAVI A CADERE - I polmoni,Marracash,italian hip hop,2019,italy,28,BRAVI A CADERE - I polmoni
70,Baby It's Cold Outside (duet with Michael Bublé),Idina Menzel,hollywood,2014,australia,56,Baby It's Cold Outside (duet with Michael Bublé)
71,"Baby, It's Cold Outside",Brett Eldredge,contemporary country,2016,canada,68,"Baby, It's Cold Outside (feat. Meghan Trainor)"
72,"Baby, It's Cold Outside",Dean Martin,adult standards,1959,canada,54,"Baby, It's Cold Outside"
73,"Baby, It's Cold Outside",Dean Martin,adult standards,1959,usa,54,"Baby, It's Cold Outside"
74,Baianá,Bakermat,deep euro house,2019,france,49,Baianá
76,Barrio,Mahmood,italian arena pop,2019,italy,57,Barrio
77,Beautiful People (feat. Khalid),Ed Sheeran,pop,2019,africa,55,Beautiful People (feat. Khalid)
78,Beautiful People (feat. Khalid),Ed Sheeran,pop,2019,indonesia,55,Beautiful People (feat. Khalid)
79,Beautiful People (feat. Khalid),Ed Sheeran,pop,2019,israel,55,Beautiful People (feat. Khalid)
80,Beautiful People (feat. Khalid),Ed Sheeran,pop,2019,malasya,55,Beautiful People (feat. Khalid)
81,Bebi Liguei - Ao Vivo,Marília Mendonça,sertanejo,2019,brazil,68,Bebi Liguei (Ao Vivo)
83,Before You Go,Lewis Capaldi,pop,2019,malasya,18,Before You Go
85,Believer,Imagine Dragons,modern rock,2017,india,67,Believer
86,Bellaquita,Dalex,latin,2019,bolivia,77,Bellaquita (Remix)
87,Bellaquita - Remix,Dalex,latin,2019,argentina,76,Bellaquita (Remix)
88,Bellaquita - Remix,Dalex,latin,2019,bolivia,76,Bellaquita (Remix)
89,Bellaquita - Remix,Dalex,latin,2019,colombia,76,Bellaquita (Remix)
90,Bellaquita - Remix,Dalex,latin,2019,chile,76,Bellaquita (Remix)
91,Bellaquita - Remix,Dalex,latin,2019,spain,76,Bellaquita (Remix)
93,Blanca Navidad,Luis Miguel,bolero,2006,chile,18,Blanca Navidad
94,Blanco,J Balvin,latin,2019,argentina,59,Blanco
95,Blanco,J Balvin,latin,2019,bolivia,59,Blanco
96,Blanco,J Balvin,latin,2019,colombia,59,Blanco
97,Blanco,J Balvin,latin,2019,spain,59,Blanco
98,Blinding Lights,The Weeknd,canadian contemporary r&b,2019,world,35,Blinding Lights
99,Blinding Lights,The Weeknd,canadian contemporary r&b,2019,belgium,35,Blinding Lights
100,Blinding Lights,The Weeknd,canadian contemporary r&b,2019,germany,35,Blinding Lights
101,Blinding Lights,The Weeknd,canadian contemporary r&b,2019,france,35,Blinding Lights
102,Blinding Lights,The Weeknd,canadian contemporary r&b,2019,india,35,Blinding Lights
103,Blinding Lights,The Weeknd,canadian contemporary r&b,2019,israel,35,Blinding Lights
104,Blinding Lights,The Weeknd,canadian contemporary r&b,2019,malasya,35,Blinding Lights
105,Block,Larry,french hip hop,2019,france,71,Block
106,Blue Christmas,Elvis Presley,adult standards,1957,world,58,Blue Christmas
107,Blue Christmas,Elvis Presley,adult standards,1957,africa,58,Blue Christmas
108,Blue Christmas,Elvis Presley,adult standards,1957,australia,58,Blue Christmas
109,Blue Christmas,Elvis Presley,adult standards,1957,belgium,58,Blue Christmas
110,Blue Christmas,Elvis Presley,adult standards,1957,canada,58,Blue Christmas
111,Blue Christmas,Elvis Presley,adult standards,1957,usa,58,Blue Christmas
112,Bossoli,Shiva,italian hip hop,2019,italy,80,Bossoli
113,Boy With Luv (feat. Halsey),BTS,k-pop,2019,indonesia,80,Boy With Luv (Feat. Halsey)
114,Boy With Luv (feat. Halsey),BTS,k-pop,2019,malasya,80,Boy With Luv (Feat. Halsey)
115,Bâtiment,Niska,french hip hop,2019,france,65,Bâtiment
116,C90 - Remix,John C,argentine hip hop,2019,argentina,61,C90 (Remix)
117,CANGURO,WOS,argentine indie,2019,argentina,93,CANGURO
119,COLT,Samra,german hip hop,2019,germany,18,COLT
120,CRUDELIA - I nervi,Marracash,italian hip hop,2019,italy,7,CRUDELIA - I nervi
121,Callaita,Bad Bunny,latin,2019,argentina,24,Callaita
122,Callaita,Bad Bunny,latin,2019,bolivia,24,Callaita
123,Callaita,Bad Bunny,latin,2019,colombia,24,Callaita
124,Callaita,Bad Bunny,latin,2019,chile,24,Callaita
125,Callaita,Bad Bunny,latin,2019,spain,24,Callaita
126,Calma - Remix,Pedro Capó,latin,2018,argentina,76,Calma (Remix) (Remix)
127,Can We Kiss Forever?,Kina,pop,2018,indonesia,12,Can We Kiss Forever?
128,Cariñito,Rodolfo Aicardi,classic colombian pop,2012,colombia,95,Cariñito
129,Carol of the Bells,Mykola Dmytrovych Leontovych,post-romantic era,1990,usa,80,Carol of the Bells
130,Carreira Solo - Ao Vivo,Gusttavo Lima,sertanejo universitario,2019,brazil,92,Carreira Solo (Ao Vivo)
131,Celengan Rindu,Fiersa Besari,indonesian indie,2014,indonesia,66,Celengan Rindu
132,Chal Bombay,DIVINE,desi hip hop,2019,india,51,Chal Bombay
133,Chama Ela (feat. Pedro Sampaio),Lexa,baile pop,2019,brazil,96,Chama Ela (feat. Pedro Sampaio)
134,Chandigarh Mein,Badshah,desi hip hop,2019,india,34,Chandigarh Mein
135,Cheirosa - Ao Vivo,Jorge & Mateus,sertanejo,2019,brazil,71,O Telefone Tocou Novamente
136,Chiasso,Random,italian hip hop,2019,italy,46,Chiasso
137,China,Anuel AA,latin,2019,argentina,61,China
138,China,Anuel AA,latin,2019,bolivia,61,China
139,China,Anuel AA,latin,2019,colombia,61,China
140,China,Anuel AA,latin,2019,chile,61,China
141,China,Anuel AA,latin,2019,spain,61,China
142,Christmas (Baby Please Come Home),Darlene Love,adult standards,2019,world,36,Christmas (Baby Please Come Home)
143,Christmas (Baby Please Come Home),Darlene Love,adult standards,2019,africa,36,Christmas (Baby Please Come Home)
144,Christmas (Baby Please Come Home),Darlene Love,adult standards,2019,belgium,36,Christmas (Baby Please Come Home)
145,Christmas (Baby Please Come Home),Darlene Love,adult standards,2019,canada,36,Christmas (Baby Please Come Home)
146,Christmas (Baby Please Come Home),Darlene Love,adult standards,2019,usa,36,Christmas (Baby Please Come Home)
147,Christmas (Baby Please Come Home),Mariah Carey,dance pop,1994,world,70,Christmas (Baby Please Come Home)
148,Christmas (Baby Please Come Home),Mariah Carey,dance pop,1994,africa,70,Christmas (Baby Please Come Home)
149,Christmas (Baby Please Come Home),Mariah Carey,dance pop,1994,belgium,70,Christmas (Baby Please Come Home)
150,Christmas (Baby Please Come Home),Mariah Carey,dance pop,1994,canada,70,Christmas (Baby Please Come Home)
151,Christmas (Baby Please Come Home),Mariah Carey,dance pop,1994,usa,70,Christmas (Baby Please Come Home)
152,Christmas Lights,Coldplay,permanent wave,2010,world,24,Christmas Lights
153,Christmas Lights,Coldplay,permanent wave,2010,australia,24,Christmas Lights
154,Christmas Lights,Coldplay,permanent wave,2010,belgium,24,Christmas Lights
155,Christmas Lights,Coldplay,permanent wave,2010,canada,24,Christmas Lights
156,Christmas Lights,Coldplay,permanent wave,2010,germany,24,Christmas Lights
157,Christmas Time,Bryan Adams,album rock,2019,germany,32,Christmas Time
158,Christmas Time Is Here - Vocal,Vince Guaraldi Trio,adult standards,1965,usa,9,Christmas Time Is Here (Vocal)
159,Cin Cin,Alfa,italian arena pop,2019,italy,37,Cin Cin
160,Cinta Luar Biasa,Andmesh,indonesian pop,2019,indonesia,32,Cinta Luar Biasa
161,Cinta Luar Biasa,Andmesh,indonesian pop,2019,malasya,32,Cinta Luar Biasa
162,Circles,Post Malone,dfw rap,2019,world,55,Circles
163,Circles,Post Malone,dfw rap,2019,africa,55,Circles
164,Circles,Post Malone,dfw rap,2019,australia,55,Circles
165,Circles,Post Malone,dfw rap,2019,belgium,55,Circles
166,Circles,Post Malone,dfw rap,2019,usa,55,Circles
167,Circles,Post Malone,dfw rap,2019,india,55,Circles
168,Circles,Post Malone,dfw rap,2019,israel,55,Circles
169,Circles,Post Malone,dfw rap,2019,malasya,55,Circles
170,Com ou Sem Mim (Ao Vivo em Fortaleza),Gustavo Mioto,sertanejo,2019,brazil,30,Com ou Sem Mim (Ao Vivo em Fortaleza)
171,Combatchy (feat. MC Rebecca),Anitta,baile pop,2019,brazil,61,Combatchy (feat. MC Rebecca)
172,Compliqué,Dadju,francoton,2019,france,93,Compliqué
173,Con Altura,ROSALÍA,r&b en espanol,2019,argentina,75,Con Altura
174,Con Altura,ROSALÍA,r&b en espanol,2019,bolivia,75,Con Altura
175,Con Altura,ROSALÍA,r&b en espanol,2019,colombia,75,Con Altura
176,Con Altura,ROSALÍA,r&b en espanol,2019,spain,75,Con Altura
177,Con Calma,Daddy Yankee,latin,2019,argentina,66,Con Calma
178,Contando Lunares (feat. Cruz Cafuné),Don Patricio,trap espanol,2019,spain,71,Contando Lunares (feat. Cruz Cafuné)
179,Contatinho - Ao Vivo Em São Paulo / 2019,Leo Santana,axe,2019,brazil,81,Contatinho (Ao Vivo Em São Paulo / 2019)
180,Coronao Now,El Alfa,dembow,2019,chile,72,Coronao Now (Remix)
181,Cuerpo en Venta,Noriel,latin,2019,chile,41,Cuerpo en Venta
182,Cómo estás,Ke Personajes,cumbia pop,2019,argentina,98,Cómo estás
183,Côte Ouest,47ter,french hip hop,2019,france,58,Côte Ouest
184,"DJ No Pare (feat. Zion, Dalex, Lenny Tavárez) - Remix",Justin Quiles,latin,2019,argentina,83,"DJ No Pare (feat. Zion, Dalex, Lenny Tavárez) (Remix)"
185,"DJ No Pare (feat. Zion, Dalex, Lenny Tavárez) - Remix",Justin Quiles,latin,2019,bolivia,83,"DJ No Pare (feat. Zion, Dalex, Lenny Tavárez) (Remix)"
186,"DJ No Pare (feat. Zion, Dalex, Lenny Tavárez) - Remix",Justin Quiles,latin,2019,chile,83,"DJ No Pare (feat. Zion, Dalex, Lenny Tavárez) (Remix)"
187,"DJ No Pare (feat. Zion, Dalex, Lenny Tavárez) - Remix",Justin Quiles,latin,2019,spain,83,"DJ No Pare (feat. Zion, Dalex, Lenny Tavárez) (Remix)"
188,Dan...,Sheila On 7,indonesian pop,1999,indonesia,54,Dan... (Album Version)
189,Dance Like,Harrdy Sandhu,desi pop,2019,india,54,Dance Like
190,Dance Monkey,Tones and I,australian pop,2019,world,51,Dance Monkey
191,Dance Monkey,Tones and I,australian pop,2019,africa,51,Dance Monkey
192,Dance Monkey,Tones and I,australian pop,2019,argentina,51,Dance Monkey
193,Dance Monkey,Tones and I,australian pop,2019,australia,51,Dance Monkey
194,Dance Monkey,Tones and I,australian pop,2019,belgium,51,Dance Monkey
195,Dance Monkey,Tones and I,australian pop,2019,bolivia,51,Dance Monkey
196,Dance Monkey,Tones and I,australian pop,2019,brazil,51,Dance Monkey
197,Dance Monkey,Tones and I,australian pop,2019,canada,51,Dance Monkey
198,Dance Monkey,Tones and I,australian pop,2019,germany,51,Dance Monkey
199,Dance Monkey,Tones and I,australian pop,2019,colombia,51,Dance Monkey
200,Dance Monkey,Tones and I,australian pop,2019,chile,51,Dance Monkey
201,Dance Monkey,Tones and I,australian pop,2019,spain,51,Dance Monkey
202,Dance Monkey,Tones and I,australian pop,2019,france,51,Dance Monkey
203,Dance Monkey,Tones and I,australian pop,2019,indonesia,51,Dance Monkey
204,Dance Monkey,Tones and I,australian pop,2019,israel,51,Dance Monkey
205,Dance Monkey,Tones and I,australian pop,2019,italy,51,Dance Monkey
206,Dance Monkey,Tones and I,australian pop,2019,malasya,51,Dance Monkey
207,Daniela,Rodolfo Aicardi,classic colombian pop,2012,colombia,93,Daniela
208,Dans l'univers,Nekfeu,french hip hop,2019,france,20,Dans l'univers
209,Der Bratan bleibt der gleiche,Capital Bra,german hip hop,2019,germany,67,Der Bratan bleibt der gleiche
210,Desconocidos,Mau y Ricky,latin,2019,bolivia,68,Desconocidos
211,Detente,Mike Bahía,colombian pop,2019,bolivia,36,Detente
213,Distant,Maes,french hip hop,2019,france,49,Distant
214,Do They Know It's Christmas? - 1984 Version,Band Aid,Other,2004,world,35,Do They Know It's Christmas? (1984 Version)
215,Do They Know It's Christmas? - 1984 Version,Band Aid,Other,2004,africa,35,Do They Know It's Christmas? (1984 Version)
216,Do They Know It's Christmas? - 1984 Version,Band Aid,Other,2004,australia,35,Do They Know It's Christmas? (1984 Version)
217,Do They Know It's Christmas? - 1984 Version,Band Aid,Other,2004,belgium,35,Do They Know It's Christmas? (1984 Version)
218,Do They Know It's Christmas? - 1984 Version,Band Aid,Other,2004,canada,35,Do They Know It's Christmas? (1984 Version)
219,Do They Know It's Christmas? - 1984 Version,Band Aid,Other,2004,germany,35,Do They Know It's Christmas? (1984 Version)
220,Do They Know It's Christmas? - 1984 Version,Band Aid,Other,2004,usa,35,Do They Know It's Christmas? (1984 Version)
221,Do You Hear What I Hear? - Remastered 2006,Bing Crosby,adult standards,2006,canada,41,Do You Hear What I Hear? (Remastered 2006)
222,Do You Hear What I Hear? - Remastered 2006,Bing Crosby,adult standards,2006,usa,41,Do You Hear What I Hear? (Remastered 2006)
223,Doch in der Nacht,Apache 207,german hip hop,2019,germany,71,Doch in der Nacht
224,Dois Lados,Wesley Safadão,forro,2019,brazil,93,Dois Lados
225,"Don't Be Shy Again (From ""Bala"")",Sachin-Jigar,desi pop,2019,india,91,"Don't Be Shy Again (From ""Bala"")"
226,Don't Start Now,Dua Lipa,dance pop,2019,world,68,Don't Start Now
227,Don't Start Now,Dua Lipa,dance pop,2019,australia,68,Don't Start Now
228,Don't Start Now,Dua Lipa,dance pop,2019,belgium,68,Don't Start Now
229,Don't Start Now,Dua Lipa,dance pop,2019,france,68,Don't Start Now
230,Don't Start Now,Dua Lipa,dance pop,2019,israel,68,Don't Start Now
231,Don't Start Now,Dua Lipa,dance pop,2019,malasya,68,Don't Start Now
232,Driving Home for Christmas - 2019 Remaster,Chris Rea,album rock,1987,world,87,Driving Home for Christmas (2019 Remaster)
233,Driving Home for Christmas - 2019 Remaster,Chris Rea,album rock,1987,australia,87,Driving Home for Christmas (2019 Remaster)
234,Driving Home for Christmas - 2019 Remaster,Chris Rea,album rock,1987,belgium,87,Driving Home for Christmas (2019 Remaster)
235,Driving Home for Christmas - 2019 Remaster,Chris Rea,album rock,1987,canada,87,Driving Home for Christmas (2019 Remaster)
236,Driving Home for Christmas - 2019 Remaster,Chris Rea,album rock,1987,germany,87,Driving Home for Christmas (2019 Remaster)
237,Dulce Pecado,Jessi Uribe,colombian pop,2019,colombia,77,Dulce Pecado
239,Easy - Remix,Jhay Cortez,latin,2019,spain,44,Easy (Remix)
241,El Bombón,Los Palmeras,argentine rock,2016,argentina,87,El Bombón
242,"El Favor (with Nicky Jam & Sech, feat. Farruko, Zion & Lunay)",Dimelo Flow,latin,2019,argentina,48,Sigues Con El
243,"El Favor (with Nicky Jam & Sech, feat. Farruko, Zion & Lunay)",Dimelo Flow,latin,2019,chile,48,Sigues Con El
244,El Hijo Ausente,Pastor Lopez,cumbia,2012,colombia,85,El Hijo Ausente
245,El Jornalero (El Hijo de Tuta),Lisandro Meza,cumbia,2001,colombia,96,El Jornalero (El Hijo de Tuta)
246,Ela Vem,MC G15,brega funk,2019,brazil,59,Ela Vem
247,Elle est bonne sa mère,Vegedream,francoton,2019,france,47,Elle est bonne sa mère
248,En Barranquilla Me Quedo,Joe Arroyo,cumbia,2009,colombia,75,En Barranquilla Me Quedo
249,Espaçosa Demais - Ao Vivo,Felipe Araújo,funk carioca,2018,brazil,71,Espaçosa Demais (Ao Vivo)
250,Fairytale of New York (feat. Kirsty MacColl),The Pogues,celtic punk,1988,world,47,Fairytale of New York (feat. Kirsty MacColl)
251,Fairytale of New York (feat. Kirsty MacColl),The Pogues,celtic punk,1988,australia,47,Fairytale of New York (feat. Kirsty MacColl)
252,Fairytale of New York (feat. Kirsty MacColl),The Pogues,celtic punk,1988,belgium,47,Fairytale of New York (feat. Kirsty MacColl)
253,Fairytale of New York (feat. Kirsty MacColl),The Pogues,celtic punk,1988,canada,47,Fairytale of New York (feat. Kirsty MacColl)
254,Fake News - Ao Vivo,Gustavo Mioto,sertanejo,2019,brazil,73,Fake News (Ao Vivo)
255,Falling,Harry Styles,dance pop,2019,malasya,6,Falling
256,Falling,Trevor Daniel,alternative r&b,2018,world,24,Falling
257,Falling,Trevor Daniel,alternative r&b,2018,australia,24,Falling
258,Falling,Trevor Daniel,alternative r&b,2018,germany,24,Falling
259,Falling,Trevor Daniel,alternative r&b,2018,usa,24,Falling
260,Falling,Trevor Daniel,alternative r&b,2018,india,24,Falling
261,Falling,Trevor Daniel,alternative r&b,2018,indonesia,24,Falling
262,Falling,Trevor Daniel,alternative r&b,2018,israel,24,Falling
263,Falling,Trevor Daniel,alternative r&b,2018,italy,24,Falling
264,Falling,Trevor Daniel,alternative r&b,2018,malasya,24,Falling
265,Fantasias,Rauw Alejandro,latin,2019,argentina,79,Fantasias (Remix)
266,Fantasias,Rauw Alejandro,latin,2019,bolivia,79,Fantasias (Remix)
267,Fantasias,Rauw Alejandro,latin,2019,colombia,79,Fantasias (Remix)
268,Fantasias,Rauw Alejandro,latin,2019,chile,79,Fantasias (Remix)
269,Fantasias,Rauw Alejandro,latin,2019,spain,79,Fantasias (Remix)
270,Fantasía,Ozuna,latin,2019,chile,78,Fantasía
271,Fantasía,Ozuna,latin,2019,spain,78,Fantasía
272,Feelings,Lauv,pop,2019,malasya,25,Feelings
273,Feliz Navidad,José Feliciano,latin pop,2001,world,96,Feliz Navidad
274,Feliz Navidad,José Feliciano,latin pop,2001,africa,96,Feliz Navidad
275,Feliz Navidad,José Feliciano,latin pop,2001,belgium,96,Feliz Navidad
276,Feliz Navidad,José Feliciano,latin pop,2001,bolivia,96,Feliz Navidad
277,Feliz Navidad,José Feliciano,latin pop,2001,canada,96,Feliz Navidad
278,Feliz Navidad,José Feliciano,latin pop,2001,germany,96,Feliz Navidad
279,Feliz Navidad,José Feliciano,latin pop,2001,chile,96,Feliz Navidad
280,Feliz Navidad,José Feliciano,latin pop,2001,spain,96,Feliz Navidad
281,Feliz Navidad,José Feliciano,latin pop,2001,usa,96,Feliz Navidad
282,Feliz Navidad,José Feliciano,latin pop,2001,italy,96,Feliz Navidad
284,Filhall,B Praak,desi pop,2019,india,59,Filhall
285,Fingindo Maturidade - Ao Vivo,Mano Walter,forro,2019,brazil,74,Fingindo Maturidade (Ao Vivo)
287,Fresa,TINI,latin pop,2019,argentina,86,Fresa
288,Fuera De Mi Mente,Lérica,spanish pop,2019,spain,70,Fuera De Mi Mente
289,Futsal Shuffle 2020,Lil Uzi Vert,melodic rap,2019,usa,30,Futsal Shuffle 2020
291,Gaiola É o Troco,MC Du Black,funk carioca,2019,brazil,85,Gaiola É o Troco
292,Gasolina (feat. Gambi),Hamza,belgian hip hop,2019,france,72,Gasolina (feat. Gambi)
294,Gigolò (feat. Sfera Ebbasta & Capo Plaza),Lazza,italian hip hop,2019,italy,39,SPORT + muscoli (RMX)
295,God Bless (feat. Damso),Hamza,belgian hip hop,2019,france,23,God Bless (feat. Damso)
296,Golpe Con Golpe,Pastor Lopez,cumbia,2012,colombia,97,Golpe Con Golpe
298,Goteo,Duki,argentine hip hop,2019,argentina,44,Goteo
299,Goteo,Duki,argentine hip hop,2019,spain,44,Goteo
300,Gurenge,LiSA,anime rock,2019,japan,31,Gurenge
302,HIGHEST IN THE ROOM,Travis Scott,rap,2019,israel,6,HIGHEST IN THE ROOM
303,Haa Tepok,MeerFly,malaysian hip hop,2019,malasya,68,Haa Tepok
304,Hakujitsu,King Gnu,j-pop,2019,japan,75,Hakujitsu
305,Hallelujah,Pentatonix,a cappella,2016,germany,37,Hallelujah
306,Halu,Feby Putri,Other,2019,indonesia,10,Halu
307,Hanya Rindu,Andmesh,indonesian pop,2019,indonesia,20,Hanya Rindu (Demo Version)
308,Hanya Rindu,Andmesh,indonesian pop,2019,malasya,20,Hanya Rindu (Demo Version)
309,Happy Xmas (War Is Over),Céline Dion,canadian pop,1998,italy,16,Happy Xmas (War Is Over)
310,Happy Xmas (War Is Over) - Remastered,John Lennon,album rock,2010,world,40,Happy Xmas (War Is Over) (Remastered)
311,Happy Xmas (War Is Over) - Remastered,John Lennon,album rock,2010,africa,40,Happy Xmas (War Is Over) (Remastered)
312,Happy Xmas (War Is Over) - Remastered,John Lennon,album rock,2010,australia,40,Happy Xmas (War Is Over) (Remastered)
313,Happy Xmas (War Is Over) - Remastered,John Lennon,album rock,2010,belgium,40,Happy Xmas (War Is Over) (Remastered)
314,Happy Xmas (War Is Over) - Remastered,John Lennon,album rock,2010,canada,40,Happy Xmas (War Is Over) (Remastered)
315,Happy Xmas (War Is Over) - Remastered,John Lennon,album rock,2010,germany,40,Happy Xmas (War Is Over) (Remastered)
316,Happy Xmas (War Is Over) - Remastered,John Lennon,album rock,2010,usa,40,Happy Xmas (War Is Over) (Remastered)
317,Happy Xmas (War Is Over) - Remastered,John Lennon,album rock,2010,italy,40,Happy Xmas (War Is Over) (Remastered)
318,Happy Xmas (War Is Over) - Remastered,John Lennon,album rock,2010,japan,40,Happy Xmas (War Is Over) (Remastered)
319,Hasta Que Salga el Sol,Ozuna,latin,2019,spain,60,Hasta Que Salga el Sol
321,Have Yourself A Merry Little Christmas,Ella Fitzgerald,adult standards,1960,australia,48,Have Yourself a Merry Little Christmas
322,Have Yourself A Merry Little Christmas,Judy Garland,adult standards,1944,usa,11,Have Yourself a Merry Little Christmas
323,Have Yourself A Merry Little Christmas,Sam Smith,pop,2014,world,34,Have Yourself A Merry Little Christmas
324,Have Yourself A Merry Little Christmas,Sam Smith,pop,2014,africa,34,Have Yourself A Merry Little Christmas
325,Have Yourself A Merry Little Christmas,Sam Smith,pop,2014,australia,34,Have Yourself A Merry Little Christmas
326,Have Yourself A Merry Little Christmas,Sam Smith,pop,2014,belgium,34,Have Yourself A Merry Little Christmas
327,Have Yourself A Merry Little Christmas,Sam Smith,pop,2014,canada,34,Have Yourself A Merry Little Christmas
328,Have Yourself A Merry Little Christmas,Sam Smith,pop,2014,germany,34,Have Yourself A Merry Little Christmas
329,Have Yourself A Merry Little Christmas,Sam Smith,pop,2014,usa,34,Have Yourself A Merry Little Christmas
330,Heartless,The Weeknd,canadian contemporary r&b,2019,india,20,Heartless
331,Hikoutei,King Gnu,j-pop,2019,japan,49,Hikoutei
332,Hit Contagiante,Felipe Original,brega funk,2019,brazil,96,Hit Contagiante
333,Hoe Het Danst,Marco Borsato,dutch cabaret,2019,belgium,42,Hoe Het Danst
334,Hola - Remix,Dalex,latin,2019,argentina,34,Hola (Remix)
335,Hola - Remix,Dalex,latin,2019,bolivia,34,Hola (Remix)
336,Hola - Remix,Dalex,latin,2019,colombia,34,Hola (Remix)
337,Hola - Remix,Dalex,latin,2019,chile,34,Hola (Remix)
338,Hola - Remix,Dalex,latin,2019,spain,34,Hola (Remix)
339,Holly & Benji (feat. Capo Plaza & Shiva),AVA,italian hip hop,2019,italy,50,Tabú
340,Holly Jolly Christmas,Michael Bublé,adult standards,2011,world,74,Holly Jolly Christmas
341,Holly Jolly Christmas,Michael Bublé,adult standards,2011,africa,74,Holly Jolly Christmas
342,Holly Jolly Christmas,Michael Bublé,adult standards,2011,australia,74,Holly Jolly Christmas
343,Holly Jolly Christmas,Michael Bublé,adult standards,2011,belgium,74,Holly Jolly Christmas
344,Holly Jolly Christmas,Michael Bublé,adult standards,2011,canada,74,Holly Jolly Christmas
345,Holly Jolly Christmas,Michael Bublé,adult standards,2011,chile,74,Holly Jolly Christmas
346,Holly Jolly Christmas,Michael Bublé,adult standards,2011,usa,74,Holly Jolly Christmas
347,Holly Jolly Christmas,Michael Bublé,adult standards,2011,france,74,Holly Jolly Christmas
348,Holly Jolly Christmas,Michael Bublé,adult standards,2011,italy,74,Holly Jolly Christmas
349,Holly Jolly Christmas,Michael Bublé,adult standards,2011,malasya,74,Holly Jolly Christmas
350,How Do You Sleep?,Sam Smith,pop,2019,malasya,35,How Do You Sleep?
351,How to Make Gravy,Paul Kelly,australian alternative rock,2019,australia,39,How To Make Gravy
352,Hé oh,Gambi,pop urbaine,2019,france,54,Hé oh
353,I Don't Care (with Justin Bieber),Ed Sheeran,pop,2019,indonesia,84,I Don't Care
354,I Don't Care (with Justin Bieber),Ed Sheeran,pop,2019,israel,84,I Don't Care
355,I Love You 3000,Stephanie Poetri,indonesian pop,2019,indonesia,41,I Love You 3000
356,I Love You 3000,Stephanie Poetri,indonesian pop,2019,malasya,41,I Love You 3000
357,I Love You but I'm Letting Go,Pamungkas,indonesian indie,2018,indonesia,13,I Love You but I'm Letting Go
362,I'll Be Home for Christmas,Michael Bublé,adult standards,2011,africa,15,I'm Your Man
363,I'll Be Home for Christmas,Michael Bublé,adult standards,2011,canada,15,I'm Your Man
364,I.F.L.Y.,Bazzi,pop,2019,malasya,55,I.F.L.Y.
365,Ik Tera,Maninder Buttar,desi pop,2019,india,49,Ik Tera
366,Imaginaste - Remix,Jhay Cortez,latin,2019,chile,60,Imaginaste (Remix)
367,In der Weihnachtsbäckerei,Rolf Zuckowski,german pop,1987,germany,92,In der Weihnachtsbäckerei
368,Indeciso,Reik,latin,2019,argentina,90,Indeciso
369,Indeciso,Reik,latin,2019,bolivia,90,Indeciso
370,Indeciso,Reik,latin,2019,colombia,90,Indeciso
371,Indeciso,Reik,latin,2019,spain,90,Indeciso
372,Infeliz,Arcangel,latin,2019,chile,72,Infeliz
373,Into the Unknown,Idina Menzel,hollywood,2019,malasya,27,Into the Unknown
374,Invocada (Participação especial de Léo Santana) - Ao vivo,Ludmilla,baile pop,2019,brazil,70,Invocada (Participação especial de Léo Santana) (Ao vivo)
375,It's Beginning to Look a Lot Like Christmas (with Mitchell Ayres & His Orchestra),Perry Como,adult standards,1999,world,72,It's a Lovely Day Today
376,It's Beginning to Look a Lot Like Christmas (with Mitchell Ayres & His Orchestra),Perry Como,adult standards,1999,africa,72,It's a Lovely Day Today
377,It's Beginning to Look a Lot Like Christmas (with Mitchell Ayres & His Orchestra),Perry Como,adult standards,1999,belgium,72,It's a Lovely Day Today
378,It's Beginning to Look a Lot Like Christmas (with Mitchell Ayres & His Orchestra),Perry Como,adult standards,1999,canada,72,It's a Lovely Day Today
379,It's Beginning to Look a Lot Like Christmas (with Mitchell Ayres & His Orchestra),Perry Como,adult standards,1999,usa,72,It's a Lovely Day Today
380,It's Beginning to Look a Lot like Christmas,Michael Bublé,adult standards,2011,world,36,It's a Beautiful Day
381,It's Beginning to Look a Lot like Christmas,Michael Bublé,adult standards,2011,africa,36,It's a Beautiful Day
382,It's Beginning to Look a Lot like Christmas,Michael Bublé,adult standards,2011,australia,36,It's a Beautiful Day
383,It's Beginning to Look a Lot like Christmas,Michael Bublé,adult standards,2011,belgium,36,It's a Beautiful Day
384,It's Beginning to Look a Lot like Christmas,Michael Bublé,adult standards,2011,canada,36,It's a Beautiful Day
385,It's Beginning to Look a Lot like Christmas,Michael Bublé,adult standards,2011,germany,36,It's a Beautiful Day
386,It's Beginning to Look a Lot like Christmas,Michael Bublé,adult standards,2011,chile,36,It's a Beautiful Day
387,It's Beginning to Look a Lot like Christmas,Michael Bublé,adult standards,2011,spain,36,It's a Beautiful Day
388,It's Beginning to Look a Lot like Christmas,Michael Bublé,adult standards,2011,usa,36,It's a Beautiful Day
389,It's Beginning to Look a Lot like Christmas,Michael Bublé,adult standards,2011,italy,36,It's a Beautiful Day
390,It's Beginning to Look a Lot like Christmas,Michael Bublé,adult standards,2011,malasya,36,It's a Beautiful Day
391,It's You,Ali Gatie,canadian hip hop,2019,indonesia,40,It's You
392,It's You,Ali Gatie,canadian hip hop,2019,malasya,40,It's You
393,It's the Most Wonderful Time of the Year,Andy Williams,adult standards,1963,world,78,It Doesn't Take Very Long
394,It's the Most Wonderful Time of the Year,Andy Williams,adult standards,1963,africa,78,It Doesn't Take Very Long
395,It's the Most Wonderful Time of the Year,Andy Williams,adult standards,1963,australia,78,It Doesn't Take Very Long
396,It's the Most Wonderful Time of the Year,Andy Williams,adult standards,1963,belgium,78,It Doesn't Take Very Long
397,It's the Most Wonderful Time of the Year,Andy Williams,adult standards,1963,canada,78,It Doesn't Take Very Long
398,It's the Most Wonderful Time of the Year,Andy Williams,adult standards,1963,germany,78,It Doesn't Take Very Long
399,It's the Most Wonderful Time of the Year,Andy Williams,adult standards,1963,usa,78,It Doesn't Take Very Long
400,It's the Most Wonderful Time of the Year,Andy Williams,adult standards,1963,italy,78,It Doesn't Take Very Long
401,It's the Most Wonderful Time of the Year,Andy Williams,adult standards,1963,malasya,78,It Doesn't Take Very Long
403,Jamais,Mister V,french hip hop,2019,france,79,Jamais
404,Jerusalem,Master KG,kwaito house,2019,africa,84,Jerusalem
405,Jingle Bell Rock,Bobby Helms,adult standards,1992,world,81,Jingle Bell Rock
406,Jingle Bell Rock,Bobby Helms,adult standards,1992,africa,81,Jingle Bell Rock
407,Jingle Bell Rock,Bobby Helms,adult standards,1992,australia,81,Jingle Bell Rock
408,Jingle Bell Rock,Bobby Helms,adult standards,1992,belgium,81,Jingle Bell Rock
409,Jingle Bell Rock,Bobby Helms,adult standards,1992,bolivia,81,Jingle Bell Rock
410,Jingle Bell Rock,Bobby Helms,adult standards,1992,canada,81,Jingle Bell Rock
411,Jingle Bell Rock,Bobby Helms,adult standards,1992,germany,81,Jingle Bell Rock
412,Jingle Bell Rock,Bobby Helms,adult standards,1992,chile,81,Jingle Bell Rock
413,Jingle Bell Rock,Bobby Helms,adult standards,1992,usa,81,Jingle Bell Rock
414,Jingle Bell Rock,Bobby Helms,adult standards,1992,italy,81,Jingle Bell Rock
415,Jingle Bell Rock,Bobby Helms,adult standards,1992,malasya,81,Jingle Bell Rock
422,Jingle Bells (feat. The Puppini Sisters),Michael Bublé,adult standards,2011,australia,83,Jingle Bells (feat. The Puppini Sisters)
423,Jingle Bells (feat. The Puppini Sisters),Michael Bublé,adult standards,2011,canada,83,Jingle Bells (feat. The Puppini Sisters)
424,Joy To The World,Nat King Cole,adult standards,1962,canada,66,Joy to the World
425,Joy To The World,Nat King Cole,adult standards,1962,usa,66,Joy to the World
426,KARMA,Nimo,german hip hop,2019,germany,53,KARMA (REMIX)
427,KEIN SCHLAF,Nimo,german hip hop,2019,germany,43,KEIN SCHLAF
430,Kartonyono Medot Janji,Denny Caknan,Other,2019,indonesia,75,Kartonyono Medot Janji
431,Keine Liebe,RIN,german cloud rap,2019,germany,57,Keine Liebe
432,Kenangan Manis,Pamungkas,indonesian indie,2018,indonesia,72,Kenangan Manis
433,Kumau Dia,Andmesh,indonesian pop,2019,indonesia,60,Kumau Dia
434,LA CANCIÓN,J Balvin,latin,2019,argentina,43,LA CANCIÓN
435,LA CANCIÓN,J Balvin,latin,2019,bolivia,43,LA CANCIÓN
436,LA CANCIÓN,J Balvin,latin,2019,colombia,43,LA CANCIÓN
437,LA CANCIÓN,J Balvin,latin,2019,chile,43,LA CANCIÓN
438,La Burrita,Los Corraleros De Majagual,cumbia,2012,colombia,95,La Burrita
439,La Cama,Lunay,latin,2019,chile,82,La Cama (Remix)
440,La Cama,Lunay,latin,2019,spain,82,La Cama (Remix)
441,La Cola,Los Palmeras,argentine rock,2016,argentina,87,La Cola
442,La Difícil,Camilo,colombian pop,2019,bolivia,55,La Difícil
443,La Noche,Joe Arroyo,cumbia,1999,colombia,83,La noche
444,La Rubia - Remix 2,La Nueva Escuela,dembow,2019,spain,75,La Rubia (Remix 2)
445,La vie qu'on mène,Ninho,french hip hop,2019,france,46,La vie qu'on mène
446,Labantwana Ama Uber,Semi Tee,amapiano,2019,africa,53,Labantwana Ama Uber
447,Lalala,Y2K,pop rap,2019,israel,50,Lalala
448,Las Caleñas,Pastor Lopez Y Su Combo,cumbia,2010,colombia,94,Las Caleñas
449,Las Cuatro Fiestas,Diomedes Diaz,cumbia,2006,colombia,97,Las Cuatro Fiestas
450,Last Christmas,Wham!,new wave pop,1984,world,95,Last Christmas
451,Last Christmas,Wham!,new wave pop,1984,africa,95,Last Christmas
452,Last Christmas,Wham!,new wave pop,1984,australia,95,Last Christmas
453,Last Christmas,Wham!,new wave pop,1984,belgium,95,Last Christmas
454,Last Christmas,Wham!,new wave pop,1984,bolivia,95,Last Christmas
455,Last Christmas,Wham!,new wave pop,1984,canada,95,Last Christmas
456,Last Christmas,Wham!,new wave pop,1984,germany,95,Last Christmas
457,Last Christmas,Wham!,new wave pop,1984,spain,95,Last Christmas
458,Last Christmas,Wham!,new wave pop,1984,usa,95,Last Christmas
459,Last Christmas,Wham!,new wave pop,1984,france,95,Last Christmas
460,Last Christmas,Wham!,new wave pop,1984,italy,95,Last Christmas
461,Last Christmas,Wham!,new wave pop,1984,japan,95,Last Christmas
462,Last Christmas,Wham!,new wave pop,1984,malasya,95,Last Christmas
463,Lebih Dari Egoku,Mawar De Jongh,indonesian pop,2019,indonesia,33,Lebih Dari Egoku
464,Lençol Dobrado,João Gustavo e Murilo,funk carioca,2018,brazil,67,Lençol Dobrado
465,Let It Snow! Let It Snow! Let It Snow!,Dean Martin,adult standards,1959,world,70,Let It Snow Let It Snow Let It Snow
466,Let It Snow! Let It Snow! Let It Snow!,Dean Martin,adult standards,1959,africa,70,Let It Snow Let It Snow Let It Snow
467,Let It Snow! Let It Snow! Let It Snow!,Dean Martin,adult standards,1959,belgium,70,Let It Snow Let It Snow Let It Snow
468,Let It Snow! Let It Snow! Let It Snow!,Dean Martin,adult standards,1959,canada,70,Let It Snow Let It Snow Let It Snow
469,Let It Snow! Let It Snow! Let It Snow!,Dean Martin,adult standards,1959,usa,70,Let It Snow Let It Snow Let It Snow
470,Let It Snow! Let It Snow! Let It Snow!,Dean Martin,adult standards,1959,france,70,Let It Snow Let It Snow Let It Snow
478,Liberdade Provisória,Henrique & Juliano,sertanejo universitario,2019,brazil,70,De Cigarro em Cigarro
479,Like It's Christmas,Jonas Brothers,boy band,2019,canada,61,Like It's Christmas
480,Like It's Christmas,Jonas Brothers,boy band,2019,usa,61,Like It's Christmas
481,Little Saint Nick - 1991 Remix,The Beach Boys,baroque pop,1964,australia,97,Little Saint Nick (1991 Remix)
482,Little Saint Nick - 1991 Remix,The Beach Boys,baroque pop,1964,usa,97,Little Saint Nick (1991 Remix)
483,Loco,Beéle,Other,2019,bolivia,77,Loco
484,Loco,Beéle,Other,2019,colombia,77,Loco
485,Loin de moi,Naza,francoton,2019,france,50,Loin de moi
486,Loquito por Ti,Armando Hernandez,chicha,2012,colombia,86,Loquito por Ti
487,Lorch,Kabza De Small,afro house,2019,africa,41,Lorch
488,Los sabanales,Calixto Ochoa,cumbia,1971,colombia,78,Los Sabanales
489,Lose You To Love Me,Selena Gomez,dance pop,2019,indonesia,9,Lose You To Love Me
490,Lose You To Love Me,Selena Gomez,dance pop,2019,malasya,9,Lose You To Love Me
491,"Love You Tonight (feat. DJ Maphorisa, Sha Sha & Kabza De Small)",Mfr Souls,afro house,2019,africa,68,Amantombazane
493,Lucid Dreams,Juice WRLD,chicago rap,2018,indonesia,22,Lucid Dreams
494,Lucid Dreams,Juice WRLD,chicago rap,2018,israel,22,Lucid Dreams
495,Lucid Dreams,Juice WRLD,chicago rap,2018,malasya,22,Lucid Dreams
496,Ma belle,Moha La Squale,french hip hop,2019,france,47,Ma belle
497,Ma vie,Dadju,francoton,2019,france,32,Ma vie
498,Machigaisagashi,Masaki Suda,anime rock,2019,japan,44,Machigaisagashi
500,Maman ne le sait pas (feat. Niska),Ninho,french hip hop,2019,france,39,Maman ne le sait pas (feat. Niska)
501,Mami,Paloma Mami,latin pop,2019,chile,51,Mami
502,Marie,Koba LaD,french hip hop,2019,france,68,Marie
503,Mary's Boy Child / Oh My Lord,Boney M.,disco,2017,australia,93,Mary's Boy Child / Oh My Lord
504,Mayday (feat. Ninho),SCH,french hip hop,2019,france,25,Mayday (feat. Ninho)
505,Me Vas a Extrañar - En Vivo,Damas Gratis,cumbia villera,2018,argentina,64,Me Vas a Extrañar (En Vivo)
506,Mean It,Lauv,pop,2019,indonesia,34,Mean It (stripped)
507,Mean It,Lauv,pop,2019,malasya,34,Mean It (stripped)
508,Mele Kalikimaka (Merry Christmas),Bing Crosby,adult standards,1945,usa,62,Mele Kalikimaka (Merry Christmas)
509,Memories,Maroon 5,pop,2019,world,57,Memories
510,Memories,Maroon 5,pop,2019,africa,57,Memories
511,Memories,Maroon 5,pop,2019,australia,57,Memories
512,Memories,Maroon 5,pop,2019,belgium,57,Memories
513,Memories,Maroon 5,pop,2019,france,57,Memories
514,Memories,Maroon 5,pop,2019,india,57,Memories
515,Memories,Maroon 5,pop,2019,indonesia,57,Memories
516,Memories,Maroon 5,pop,2019,israel,57,Memories
517,Memories,Maroon 5,pop,2019,italy,57,Memories
518,Memories,Maroon 5,pop,2019,malasya,57,Memories
520,Merry Christmas Everyone,Shakin' Stevens,new wave pop,1997,world,96,Merry Christmas Everyone (Single Version - Re-mastered 2004)
521,Merry Christmas Everyone,Shakin' Stevens,new wave pop,1997,africa,96,Merry Christmas Everyone (Single Version - Re-mastered 2004)
522,Merry Christmas Everyone,Shakin' Stevens,new wave pop,1997,australia,96,Merry Christmas Everyone (Single Version - Re-mastered 2004)
523,Merry Christmas Everyone,Shakin' Stevens,new wave pop,1997,belgium,96,Merry Christmas Everyone (Single Version - Re-mastered 2004)
524,Merry Christmas Everyone,Shakin' Stevens,new wave pop,1997,canada,96,Merry Christmas Everyone (Single Version - Re-mastered 2004)
525,Merry Christmas Everyone,Shakin' Stevens,new wave pop,1997,germany,96,Merry Christmas Everyone (Single Version - Re-mastered 2004)
526,Merry Xmas Everybody,Slade,album rock,1973,germany,47,Merry Xmas Everybody
527,"Mil Anos - Recorded At Mosh Studios, São Paulo",Jorge & Mateus,sertanejo,2019,brazil,45,O Telefone Tocou Novamente
528,Mimpi (feat. Alif),K-Clique,malaysian indie,2019,malasya,87,Mimpi (feat. Alif)
529,Mistletoe,Justin Bieber,canadian pop,2011,world,85,Mistletoe
530,Mistletoe,Justin Bieber,canadian pop,2011,africa,85,Mistletoe
531,Mistletoe,Justin Bieber,canadian pop,2011,australia,85,Mistletoe
532,Mistletoe,Justin Bieber,canadian pop,2011,belgium,85,Mistletoe
533,Mistletoe,Justin Bieber,canadian pop,2011,canada,85,Mistletoe
534,Mistletoe,Justin Bieber,canadian pop,2011,germany,85,Mistletoe
535,Mistletoe,Justin Bieber,canadian pop,2011,usa,85,Mistletoe
536,Mistletoe,Justin Bieber,canadian pop,2011,italy,85,Mistletoe
537,Mistletoe,Justin Bieber,canadian pop,2011,malasya,85,Mistletoe
538,Mistletoe And Holly - Remastered 1999,Frank Sinatra,adult standards,1957,canada,34,Mistletoe And Holly (Remastered 1999)
539,Mistletoe And Holly - Remastered 1999,Frank Sinatra,adult standards,1957,usa,34,Mistletoe And Holly (Remastered 1999)
540,Mit Dir,Loredana,kosovan pop,2019,germany,64,Mit Dir
541,Mortel,Koba LaD,french hip hop,2019,france,66,Mortel
542,Moulaga,Heuss L'enfoiré,french hip hop,2019,france,48,Moulaga
548,My Only Wish (This Year),Britney Spears,dance pop,2019,world,68,My Only Wish (This Year)
549,My Only Wish (This Year),Britney Spears,dance pop,2019,belgium,68,My Only Wish (This Year)
550,My Only Wish (This Year),Britney Spears,dance pop,2019,germany,68,My Only Wish (This Year)
551,Méchant,Niska,french hip hop,2019,france,41,Méchant
552,"Naah Goriye (From ""Bala"")",B Praak,desi pop,2019,india,72,"Naah Goriye (From ""Bala"")"
553,Nana Thula,Kabza De Small,afro house,2019,africa,59,Nana Thula
554,"Navidad, Navidad",Luis Miguel,bolero,2006,chile,75,"Navidad, Navidad"
555,Ne reviens pas,Gradur,french hip hop,2019,belgium,93,Ne reviens pas
556,Ne reviens pas,Gradur,french hip hop,2019,france,93,Ne reviens pas
557,Never Go Back,Dennis Lloyd,israeli pop,2019,israel,73,Never Go Back
558,Never Seen The Rain,Tones and I,australian pop,2019,australia,27,Never Seen The Rain
559,Nevermind,Dennis Lloyd,israeli pop,2017,israel,8,Nevermind
560,No Dijeron Nada,Oscu,trap argentino,2019,argentina,91,No Dijeron Nada
561,No Idea,Don Toliver,rap,2019,malasya,35,No Idea
562,No Me Conoce - Remix,Jhay Cortez,latin,2019,argentina,58,No Me Conoce (Remix)
563,No Me Conoce - Remix,Jhay Cortez,latin,2019,bolivia,58,No Me Conoce (Remix)
564,No Me Conoce - Remix,Jhay Cortez,latin,2019,colombia,58,No Me Conoce (Remix)
565,No Me Conoce - Remix,Jhay Cortez,latin,2019,chile,58,No Me Conoce (Remix)
566,No Me Conoce - Remix,Jhay Cortez,latin,2019,spain,58,No Me Conoce (Remix)
567,No Te Creas Tan Importante - En Vivo,Damas Gratis,cumbia villera,2018,argentina,67,No Te Creas Tan Importante (En Vivo)
568,No Te Debí Besar,C. Tangana,trap espanol,2019,chile,62,No Te Debí Besar
569,Non Avere Paura,Tommaso Paradiso,italian arena pop,2019,italy,24,Non Avere Paura
570,Nunca Es Suficiente,Los Angeles Azules,grupera,2018,bolivia,80,Nunca Es Suficiente
571,Nur zur Info,Ufo361,german cloud rap,2019,germany,23,Nur zur Info
572,Nyaman,Andmesh,indonesian pop,2019,indonesia,46,Nyaman
574,O Tannenbaum,Vince Guaraldi Trio,adult standards,1965,usa,34,O Tannenbaum
575,Ocho Cuarenta,Rodrigo,argentine rock,1998,argentina,85,Ocho cuarenta
576,Ojitos Hechiceros,Rodolfo Aicardi,classic colombian pop,2012,colombia,62,Ojitos Hechiceros
577,Olvídala,Los Palmeras,argentine rock,2004,argentina,52,Olvídala
578,On My Way,Alan Walker,electro house,2019,india,30,On My Way
579,On My Way,Alan Walker,electro house,2019,indonesia,30,On My Way
580,One Only,Pamungkas,indonesian indie,2018,indonesia,11,One Only
581,Otro Trago,Sech,panamanian pop,2019,bolivia,62,Otro Trago (Remix)
582,Otro Trago - Remix,Sech,panamanian pop,2019,argentina,76,Otro Trago (Remix)
583,Otro Trago - Remix,Sech,panamanian pop,2019,bolivia,76,Otro Trago (Remix)
584,Otro Trago - Remix,Sech,panamanian pop,2019,chile,76,Otro Trago (Remix)
585,Otro Trago - Remix,Sech,panamanian pop,2019,spain,76,Otro Trago (Remix)
586,Oui ou non,Angèle,belgian pop,2019,france,36,Oui ou non
587,Oye,TINI,latin pop,2019,argentina,26,Oye
588,Pa Mí - Remix,Dalex,latin,2019,bolivia,73,Pa Mí (Remix)
589,Pa' Olvidarme De Ella,Piso 21,colombian pop,2019,bolivia,64,Pa' Olvidarme De Ella
590,Pa' Olvidarme De Ella,Piso 21,colombian pop,2019,colombia,64,Pa' Olvidarme De Ella
591,"Pachtaoge (From ""Jaani Ve"")",Arijit Singh,desi pop,2019,india,48,"Pachtaoge (From ""Jaani Ve"")"
593,Paprika,Foorin,kodomo no ongaku,2018,japan,73,Paprika
594,"Para, Pensa e Volta - Ao Vivo",Yasmin Santos,sertanejo pop,2019,brazil,57,"Para, Pensa e Volta (Ao Vivo)"
595,"Pelukku Untuk Pelikmu - OST Imperfect: Karier, Cinta, & Timbangan",Fiersa Besari,indonesian indie,2019,indonesia,25,Kepastian
597,Perreo en La Luna,Rich Music LTD,reggaeton,2019,argentina,72,Perreo en La Luna
598,Perreo en La Luna,Rich Music LTD,reggaeton,2019,chile,72,Perreo en La Luna
599,Perreo en La Luna,Rich Music LTD,reggaeton,2019,spain,72,Perreo en La Luna
600,Petit Papa Noël,Tino Rossi,chanson,1998,france,42,Petit Papa Noel
601,Piensan,Myke Towers,latin,2019,chile,79,Piensan
602,Pilu Membiru,Kunto Aji,indonesian indie,2018,indonesia,5,Pilu Membiru
603,Piropo,Noriel,latin,2019,chile,77,Piropo
604,Pookie (feat. Capo Plaza) - Remix,Aya Nakamura,basshall,2019,italy,51,Pookie (feat. Capo Plaza) (Remix)
605,Popopop,Gambi,pop urbaine,2019,france,41,Popopop
606,Prendio - Remix,Rvfv,trap espanol,2019,spain,75,Prendio (Remix)
607,Prendío,Rvfv,trap espanol,2019,spain,90,Prendio (Remix)
608,Pretender,Official HIGE DANdism,anime rock,2019,japan,37,Pretender
609,Proper Patola,Badshah,desi hip hop,2018,india,49,Proper Patola
610,Psycho,Red Velvet,k-pop,2019,indonesia,41,Psycho
611,Psycho,Red Velvet,k-pop,2019,malasya,41,Psycho
612,QUE PRETENDES,J Balvin,latin,2019,bolivia,94,QUE PRETENDES
613,QUE PRETENDES,J Balvin,latin,2019,colombia,94,QUE PRETENDES
614,QUE PRETENDES,J Balvin,latin,2019,chile,94,QUE PRETENDES
615,Quando a vontade bater (Participação especial de PK Delas),Pk,brazilian edm,2019,brazil,70,Quando a vontade bater (Participação especial de PK Delas)
616,Quarta Cadeira - Ao Vivo,Matheus & Kauan,pop nacional,2019,brazil,60,When the Earth Goes Dark (feat. Brenton Mattheus)
617,Que Calor (feat. J Balvin & El Alfa),Major Lazer,dance pop,2019,spain,46,Que Calor (feat. J Balvin & El Alfa)
618,Que Calor (feat. J Balvin & El Alfa),Major Lazer,dance pop,2019,france,46,Que Calor (feat. J Balvin & El Alfa)
619,Que Mas Pues - Remix,Sech,panamanian pop,2019,bolivia,81,Que Mas Pues (Remix)
620,Que Tire Pa Lante,Daddy Yankee,latin,2019,argentina,71,Que Tire Pa Lante
621,Que Tire Pa Lante,Daddy Yankee,latin,2019,bolivia,71,Que Tire Pa Lante
622,Que Tire Pa Lante,Daddy Yankee,latin,2019,colombia,71,Que Tire Pa Lante
623,Que Tire Pa Lante,Daddy Yankee,latin,2019,chile,71,Que Tire Pa Lante
624,Quem Traiu Levou - Ao Vivo,Gusttavo Lima,sertanejo universitario,2019,brazil,83,Quem Traiu Levou (Ao Vivo)
625,Quizas,Rich Music LTD,reggaeton,2019,argentina,68,Quizas
626,Quizas,Rich Music LTD,reggaeton,2019,bolivia,68,Quizas
627,Quizas,Rich Music LTD,reggaeton,2019,colombia,68,Quizas
628,Quizas,Rich Music LTD,reggaeton,2019,chile,68,Quizas
629,Quizas,Rich Music LTD,reggaeton,2019,spain,68,Quizas
630,Qué Pena,Maluma,latin,2019,bolivia,86,Qué Pena
631,Qué Pena,Maluma,latin,2019,colombia,86,Qué Pena
640,ROXANNE,Arizona Zervas,pop rap,2019,world,46,ROXANNE
641,ROXANNE,Arizona Zervas,pop rap,2019,africa,46,ROXANNE
642,ROXANNE,Arizona Zervas,pop rap,2019,australia,46,ROXANNE
643,ROXANNE,Arizona Zervas,pop rap,2019,belgium,46,ROXANNE
644,ROXANNE,Arizona Zervas,pop rap,2019,canada,46,ROXANNE
645,ROXANNE,Arizona Zervas,pop rap,2019,germany,46,ROXANNE
646,ROXANNE,Arizona Zervas,pop rap,2019,spain,46,ROXANNE
647,ROXANNE,Arizona Zervas,pop rap,2019,usa,46,ROXANNE
648,ROXANNE,Arizona Zervas,pop rap,2019,france,46,ROXANNE
649,ROXANNE,Arizona Zervas,pop rap,2019,india,46,ROXANNE
650,ROXANNE,Arizona Zervas,pop rap,2019,indonesia,46,ROXANNE
651,ROXANNE,Arizona Zervas,pop rap,2019,israel,46,ROXANNE
652,ROXANNE,Arizona Zervas,pop rap,2019,italy,46,ROXANNE
653,ROXANNE,Arizona Zervas,pop rap,2019,malasya,46,ROXANNE
654,Relógio Parado (Ao Vivo),Diego & Arnaldo,sertanejo,2019,brazil,73,Jaleo
655,Reste,Maître Gims,french hip hop,2019,france,69,Reste
656,Ride It,Regard,pop edm,2019,australia,88,Ride It
657,Ride It,Regard,pop edm,2019,belgium,88,Ride It
658,Ride It,Regard,pop edm,2019,germany,88,Ride It
659,Ride It,Regard,pop edm,2019,france,88,Ride It
660,Rockin' Around The Christmas Tree,Brenda Lee,adult standards,1964,world,90,Rockin' Around the Christmas Tree
661,Rockin' Around The Christmas Tree,Brenda Lee,adult standards,1964,africa,90,Rockin' Around the Christmas Tree
662,Rockin' Around The Christmas Tree,Brenda Lee,adult standards,1964,australia,90,Rockin' Around the Christmas Tree
663,Rockin' Around The Christmas Tree,Brenda Lee,adult standards,1964,belgium,90,Rockin' Around the Christmas Tree
664,Rockin' Around The Christmas Tree,Brenda Lee,adult standards,1964,canada,90,Rockin' Around the Christmas Tree
665,Rockin' Around The Christmas Tree,Brenda Lee,adult standards,1964,usa,90,Rockin' Around the Christmas Tree
666,Rockin' Around The Christmas Tree,Brenda Lee,adult standards,1964,italy,90,Rockin' Around the Christmas Tree
667,Rockin' Around The Christmas Tree,Brenda Lee,adult standards,1964,malasya,90,Rockin' Around the Christmas Tree
668,Rockin' Around the Christmas Tree,Brenda Lee,adult standards,1991,australia,83,Rockin' Around the Christmas Tree
669,Roller,Apache 207,german hip hop,2019,germany,68,Roller
671,Rudolph The Red-Nosed Reindeer,Dean Martin,adult standards,1959,germany,86,Rudolph The Red-Nosed Reindeer
672,Rueda,Chimbala,dembow,2019,spain,96,Rueda
673,Run Rudolph Run - Single Version,Chuck Berry,blues rock,1986,world,96,Run Rudolph Run (Single Version)
674,Run Rudolph Run - Single Version,Chuck Berry,blues rock,1986,australia,96,Run Rudolph Run (Single Version)
675,Run Rudolph Run - Single Version,Chuck Berry,blues rock,1986,canada,96,Run Rudolph Run (Single Version)
676,Run Rudolph Run - Single Version,Chuck Berry,blues rock,1986,usa,96,Run Rudolph Run (Single Version)
677,S de Saudade,Luíza & Maurílio,sertanejo pop,2019,brazil,79,Into the Bloom (Luiz B Remix)
678,SENTADÃO,Pedro Sampaio,baile pop,2019,brazil,92,SENTADÃO
679,STAR,Nimo,german hip hop,2019,germany,60,STAR
680,SUPREME - L'ego (feat. tha Supreme & Sfera Ebbasta),Marracash,italian hip hop,2019,italy,51,SUPREME - L'ego
681,Sakhiyaan,Maninder Buttar,desi pop,2018,india,36,Sakhiyaan
682,Sandton,Kabza De Small,afro house,2019,africa,59,Sandton
683,Santa Baby,Ariana Grande,dance pop,2013,world,77,Santa Baby
684,Santa Baby,Ariana Grande,dance pop,2013,africa,77,Santa Baby
685,Santa Baby,Ariana Grande,dance pop,2013,belgium,77,Santa Baby
686,Santa Baby,Ariana Grande,dance pop,2013,canada,77,Santa Baby
687,Santa Baby,Ariana Grande,dance pop,2013,usa,77,Santa Baby
688,Santa Baby (with Henri René & His Orchestra),Eartha Kitt,adult standards,2002,usa,49,Just An Old-Fashioned Girl
689,Santa Claus Is Comin' to Town,Frank Sinatra,adult standards,1994,italy,69,Santa Claus Is Comin' To Town
690,"Santa Claus Is Comin' to Town - Live at C.W. Post College, Greenvale, NY - December 1975",Bruce Springsteen,heartland rock,1981,world,41,Santa Claus Is Comin' To Town (Single Version)
691,"Santa Claus Is Comin' to Town - Live at C.W. Post College, Greenvale, NY - December 1975",Bruce Springsteen,heartland rock,1981,africa,41,Santa Claus Is Comin' To Town (Single Version)
692,"Santa Claus Is Comin' to Town - Live at C.W. Post College, Greenvale, NY - December 1975",Bruce Springsteen,heartland rock,1981,belgium,41,Santa Claus Is Comin' To Town (Single Version)
693,"Santa Claus Is Comin' to Town - Live at C.W. Post College, Greenvale, NY - December 1975",Bruce Springsteen,heartland rock,1981,canada,41,Santa Claus Is Comin' To Town (Single Version)
694,"Santa Claus Is Comin' to Town - Live at C.W. Post College, Greenvale, NY - December 1975",Bruce Springsteen,heartland rock,1981,italy,41,Santa Claus Is Comin' To Town (Single Version)
701,Santa Claus Is Coming to Town,Michael Bublé,adult standards,2011,world,42,Santa Claus Is Coming to Town
702,Santa Claus Is Coming to Town,Michael Bublé,adult standards,2011,africa,42,Santa Claus Is Coming to Town
703,Santa Claus Is Coming to Town,Michael Bublé,adult standards,2011,australia,42,Santa Claus Is Coming to Town
704,Santa Claus Is Coming to Town,Michael Bublé,adult standards,2011,belgium,42,Santa Claus Is Coming to Town
705,Santa Claus Is Coming to Town,Michael Bublé,adult standards,2011,canada,42,Santa Claus Is Coming to Town
706,Santa Claus Is Coming to Town,Michael Bublé,adult standards,2011,italy,42,Santa Claus Is Coming to Town
707,Santa Claus Llegó a La Ciudad,Luis Miguel,bolero,2006,chile,72,Santa Claus Llegó a La Ciudad
708,Santa Tell Me,Ariana Grande,dance pop,2014,world,59,Santa Tell Me
709,Santa Tell Me,Ariana Grande,dance pop,2014,africa,59,Santa Tell Me
710,Santa Tell Me,Ariana Grande,dance pop,2014,australia,59,Santa Tell Me
711,Santa Tell Me,Ariana Grande,dance pop,2014,belgium,59,Santa Tell Me
712,Santa Tell Me,Ariana Grande,dance pop,2014,canada,59,Santa Tell Me
713,Santa Tell Me,Ariana Grande,dance pop,2014,germany,59,Santa Tell Me
714,Santa Tell Me,Ariana Grande,dance pop,2014,spain,59,Santa Tell Me
715,Santa Tell Me,Ariana Grande,dance pop,2014,usa,59,Santa Tell Me
716,Santa Tell Me,Ariana Grande,dance pop,2014,italy,59,Santa Tell Me
717,Santa Tell Me,Ariana Grande,dance pop,2014,japan,59,Santa Tell Me
718,Santa Tell Me,Ariana Grande,dance pop,2014,malasya,59,Santa Tell Me
719,Sauda Khara Khara,Diljit Dosanjh,desi pop,2019,india,88,Sauda Khara Khara
720,Sayonara Elegy,Masaki Suda,anime rock,2018,japan,62,Sayonara Elegy
721,Se Prepara 2,Mc Livinho,funk carioca,2019,brazil,36,Se Prepara 2
722,Se iluminaba,Fred De Palma,italian arena pop,2019,spain,62,Se iluminaba
723,Secukupnya,Hindia,indonesian indie,2019,indonesia,93,Secukupnya
725,Sentou e Gostou,MC JottaPê,funk carioca,2019,brazil,72,Sentou e Gostou
726,Serenata - Ao Vivo,Marília Mendonça,sertanejo,2019,brazil,74,Serenata (Ao Vivo)
727,Señorita,Shawn Mendes,canadian pop,2019,world,75,Señorita
728,Señorita,Shawn Mendes,canadian pop,2019,africa,75,Señorita
729,Señorita,Shawn Mendes,canadian pop,2019,argentina,75,Señorita
730,Señorita,Shawn Mendes,canadian pop,2019,belgium,75,Señorita
731,Señorita,Shawn Mendes,canadian pop,2019,bolivia,75,Señorita
732,Señorita,Shawn Mendes,canadian pop,2019,colombia,75,Señorita
733,Señorita,Shawn Mendes,canadian pop,2019,france,75,Señorita
734,Señorita,Shawn Mendes,canadian pop,2019,india,75,Señorita
735,Señorita,Shawn Mendes,canadian pop,2019,indonesia,75,Señorita
736,Señorita,Shawn Mendes,canadian pop,2019,israel,75,Señorita
737,Señorita,Shawn Mendes,canadian pop,2019,malasya,75,Señorita
739,Shape of You,Ed Sheeran,pop,2017,japan,93,Shape of You
740,Shukumei,Official HIGE DANdism,anime rock,2019,japan,49,Shukumei
741,Si Se Da - Remix,Myke Towers,latin,2019,chile,77,Si Se Da (Remix)
742,Si Supieras,Daddy Yankee,latin,2019,chile,62,Si Supieras
743,Si Te Vas,Sech,panamanian pop,2019,argentina,55,Si Te Vas
744,Si Te Vas,Sech,panamanian pop,2019,bolivia,55,Si Te Vas
745,Si Te Vas,Sech,panamanian pop,2019,colombia,55,Si Te Vas
746,Si Te Vas,Sech,panamanian pop,2019,chile,55,Si Te Vas
747,Si Te Vas,Sech,panamanian pop,2019,spain,55,Si Te Vas
748,Si por mi fuera,Beret,spanish hip hop,2019,spain,88,Si por mi fuera
749,Sigues Con El,Dimelo Flow,latin,2019,argentina,68,Sigues Con El
750,Sigues Con El,Dimelo Flow,latin,2019,bolivia,68,Sigues Con El
751,Sigues Con El,Dimelo Flow,latin,2019,colombia,68,Sigues Con El
752,Sigues Con El,Dimelo Flow,latin,2019,chile,68,Sigues Con El
753,Sigues Con El,Dimelo Flow,latin,2019,spain,68,Sigues Con El
754,Skifahren,The Cratez,german hip hop,2019,germany,44,Skifahren
755,Sleigh Ride,The Ronettes,adult standards,2019,world,85,Sleigh Ride
756,Sleigh Ride,The Ronettes,adult standards,2019,africa,85,Sleigh Ride
757,Sleigh Ride,The Ronettes,adult standards,2019,australia,85,Sleigh Ride
758,Sleigh Ride,The Ronettes,adult standards,2019,belgium,85,Sleigh Ride
759,Sleigh Ride,The Ronettes,adult standards,2019,canada,85,Sleigh Ride
760,Sleigh Ride,The Ronettes,adult standards,2019,usa,85,Sleigh Ride
761,So Am I,Ava Max,dance pop,2019,indonesia,61,So Am I
763,Solteiro Não Trai - Ao Vivo,Gustavo Mioto,sertanejo,2018,brazil,60,Solteiro Não Trai (Ao Vivo)
764,Soltera - Remix,Lunay,latin,2019,argentina,80,Soltera (Remix)
765,Soltera - Remix,Lunay,latin,2019,bolivia,80,Soltera (Remix)
766,Soltera - Remix,Lunay,latin,2019,colombia,80,Soltera (Remix)
767,Soltera - Remix,Lunay,latin,2019,chile,80,Soltera (Remix)
768,Some que ele vem atrás,Anitta,baile pop,2019,brazil,60,Some que ele vem atrás
769,Someone You Loved,Lewis Capaldi,pop,2019,world,45,Someone You Loved
770,Someone You Loved,Lewis Capaldi,pop,2019,belgium,45,Someone You Loved
771,Someone You Loved,Lewis Capaldi,pop,2019,indonesia,45,Someone You Loved
772,Someone You Loved,Lewis Capaldi,pop,2019,israel,45,Someone You Loved
773,Someone You Loved,Lewis Capaldi,pop,2019,malasya,45,Someone You Loved
774,Sorbito De Champagne - Digitally Remastered Original,Pastor Lopez,cumbia,2006,colombia,70,Sorbito De Champagne (Digitally Remastered Original)
775,Soy Sabalero,Los Palmeras,argentine rock,2019,argentina,85,Soy Sabalero (Single)
776,Speechless (Full),Naomi Scott,hollywood,2019,indonesia,23,Speechless (Full)
777,Stand By You,Official HIGE DANdism,anime rock,2019,japan,63,Stand By You
778,Step Into Christmas,Elton John,glam rock,1973,world,82,Step Into Christmas
779,Step Into Christmas,Elton John,glam rock,1973,australia,82,Step Into Christmas
780,Step Into Christmas,Elton John,glam rock,1973,canada,82,Step Into Christmas
781,Step Into Christmas,Elton John,glam rock,1973,germany,82,Step Into Christmas
782,Street,Maes,french hip hop,2019,france,49,Street
783,Sukendleleni,Jobe London,afro house,2019,africa,24,Sukendleleni (feat. Kamo Manje)
784,Sunflower - Spider-Man: Into the Spider-Verse,Post Malone,dfw rap,2019,india,93,Sunflower (Spider-Man: Into the Spider-Verse)
785,Sunflower - Spider-Man: Into the Spider-Verse,Post Malone,dfw rap,2019,malasya,93,Sunflower (Spider-Man: Into the Spider-Verse)
786,Supera - Ao Vivo,Marília Mendonça,sertanejo,2019,brazil,66,Supera (Ao Vivo)
788,Tabaco y Ron,Rodolfo Aicardi,classic colombian pop,2012,colombia,96,Tabaco y Ron
789,Tak Ingin Pisah Lagi,Marion Jola,indonesian pop,2019,indonesia,34,Tak Ingin Pisah Lagi
790,Takeaway,The Chainsmokers,electropop,2019,indonesia,35,Takeaway
791,Takeaway,The Chainsmokers,electropop,2019,malasya,35,Takeaway
792,Tal Vez,Paulo Londra,argentine hip hop,2019,argentina,74,Tal Vez
793,Tal Vez,Paulo Londra,argentine hip hop,2019,bolivia,74,Tal Vez
794,Tanpa Tergesa,Juicy Luicy,indonesian pop,2018,indonesia,45,Tanpa Tergesa
795,Te Quemaste,Manuel Turizo,colombian pop,2019,spain,72,Te Quemaste
796,Te Vi,Piso 21,colombian pop,2018,bolivia,71,Te Vi
797,Teenager Forever,King Gnu,j-pop,2019,japan,70,Teenager Forever
798,Tender Love (feat. DJ Maphorisa & Kabza De Small),Sha Sha,afro house,2019,africa,45,Hound Dog (From “Grease”)
800,Thank God It's Christmas - Non-Album Single,Queen,glam rock,1984,australia,34,Thank God It's Christmas (2011 Remaster)
801,Thank God It's Christmas - Non-Album Single,Queen,glam rock,1984,germany,34,Thank God It's Christmas (2011 Remaster)
802,The Best Side Of Life,Sarah Connor,german pop,2006,germany,55,The Best Side Of Life
803,The Box,Roddy Ricch,melodic rap,2019,canada,64,The Box
804,The Box,Roddy Ricch,melodic rap,2019,usa,64,The Box
805,The Christmas Song (Merry Christmas To You),Nat King Cole,adult standards,1962,world,21,The Christmas Song (Merry Christmas To You)
806,The Christmas Song (Merry Christmas To You),Nat King Cole,adult standards,1962,africa,21,The Christmas Song (Merry Christmas To You)
807,The Christmas Song (Merry Christmas To You),Nat King Cole,adult standards,1962,australia,21,The Christmas Song (Merry Christmas To You)
808,The Christmas Song (Merry Christmas To You),Nat King Cole,adult standards,1962,belgium,21,The Christmas Song (Merry Christmas To You)
809,The Christmas Song (Merry Christmas To You),Nat King Cole,adult standards,1962,canada,21,The Christmas Song (Merry Christmas To You)
810,The Christmas Song (Merry Christmas To You),Nat King Cole,adult standards,1962,usa,21,The Christmas Song (Merry Christmas To You)
811,This Christmas,Donny Hathaway,chicago soul,1971,belgium,68,This Christmas
812,This Christmas,Donny Hathaway,chicago soul,1971,usa,68,This Christmas
813,Ti volevo dedicare (feat. J-AX & Boomdabash),Rocco Hunt,italian hip hop,2019,italy,27,Ti volevo dedicare
814,Tijolão - Ao Vivo,Jorge & Mateus,sertanejo,2019,brazil,69,O Telefone Tocou Novamente
815,Tiro Certo - Ao Vivo,Zé Felipe,funk carioca,2019,brazil,69,Tiro Certo (Ao Vivo)
816,To Voando Alto,Mc Poze do Rodo,funk carioca,2019,brazil,80,To Voando Alto
817,Todo Mundo Vai Sofrer - Ao Vivo,Marília Mendonça,sertanejo,2019,brazil,58,Todo Mundo Vai Sofrer (Ao Vivo)
819,Traicionera,Pastor Lopez,cumbia,2012,colombia,96,Traicionera
826,Turning Up,ARASHI,j-pop,2019,japan,90,Turning Up (R3HAB Remix)
827,Tusa,KAROL G,latin,2019,world,57,Tusa
828,Tusa,KAROL G,latin,2019,argentina,57,Tusa
829,Tusa,KAROL G,latin,2019,bolivia,57,Tusa
830,Tusa,KAROL G,latin,2019,colombia,57,Tusa
831,Tusa,KAROL G,latin,2019,chile,57,Tusa
832,Tusa,KAROL G,latin,2019,spain,57,Tusa
833,Tutto Questo Sei Tu,Ultimo,italian pop,2019,italy,42,Tutto Questo Sei Tu
834,Tutu,Camilo,colombian pop,2019,argentina,94,Tutu
835,Tutu,Camilo,colombian pop,2019,bolivia,94,Tutu
836,Tutu,Camilo,colombian pop,2019,colombia,94,Tutu
837,Tutu,Camilo,colombian pop,2019,chile,94,Tutu
838,Umbrella,King Gnu,j-pop,2019,japan,70,Umbrella
839,Umlilo,DJ Zinhle,kwaito,2019,africa,62,Umlilo
841,Un peu de haine,PLK,french hip hop,2019,france,42,Un peu de haine
842,Una Cerveza,Rafaga,cumbia chilena,2016,argentina,76,Una Cerveza
843,Una Vida Para Recordar,Piso 21,colombian pop,2019,bolivia,48,Una Vida Para Recordar
844,Una volta ancora (feat. Ana Mena),Fred De Palma,italian arena pop,2019,italy,59,Una volta ancora (feat. Ana Mena)
845,Underneath the Tree,Kelly Clarkson,dance pop,2013,world,69,Underneath the Tree
846,Underneath the Tree,Kelly Clarkson,dance pop,2013,africa,69,Underneath the Tree
847,Underneath the Tree,Kelly Clarkson,dance pop,2013,australia,69,Underneath the Tree
848,Underneath the Tree,Kelly Clarkson,dance pop,2013,belgium,69,Underneath the Tree
849,Underneath the Tree,Kelly Clarkson,dance pop,2013,canada,69,Underneath the Tree
850,Underneath the Tree,Kelly Clarkson,dance pop,2013,germany,69,Underneath the Tree
851,Underneath the Tree,Kelly Clarkson,dance pop,2013,usa,69,Underneath the Tree
852,Underneath the Tree,Kelly Clarkson,dance pop,2013,italy,69,Underneath the Tree
853,Underneath the Tree,Kelly Clarkson,dance pop,2013,japan,69,Underneath the Tree
854,Unfaithful,Dennis Lloyd,israeli pop,2019,israel,42,Unfaithful
857,Ve'Eem Tavo'ee Elay (And If You Will Come To Me),Idan Raichel,classic israeli pop,2019,israel,23,Ve'Eem Tavo'ee Elay (And If You Will Come To Me)
858,Verdinha,Ludmilla,baile pop,2019,brazil,63,Verdinha
859,Verte Ir,DJ Luian,latin,2019,chile,55,Verte Ir
860,Vete,Bad Bunny,latin,2019,argentina,53,Vete
861,Vete,Bad Bunny,latin,2019,bolivia,53,Vete
862,Vete,Bad Bunny,latin,2019,colombia,53,Vete
863,Vete,Bad Bunny,latin,2019,chile,53,Vete
864,Vete,Bad Bunny,latin,2019,spain,53,Vete
865,Vor der Tür,Gzuz,deep german hip hop,2019,germany,20,Vor der Tür
866,Vou Ter Que Superar - Ao Vivo,Matheus & Kauan,pop nacional,2019,brazil,42,When the Earth Goes Dark (feat. Brenton Mattheus)
867,Vula Vala,DJ Maphorisa,afro house,2019,africa,14,Vula Vala
868,Víspera de Año Nuevo,Guillermo Buitrago,classic colombian pop,2012,colombia,98,La Víspera de Año Nuevo
869,Waktu Yang Salah,Fiersa Besari,indonesian indie,2014,indonesia,30,Waktu Yang Salah
871,Watermelon Sugar,Harry Styles,dance pop,2019,malasya,56,Watermelon Sugar
872,Way Back Home (feat. Conor Maynard) - Sam Feldt Edit,SHAUN,k-pop,2018,indonesia,45,Way Back Home (feat. Conor Maynard) (Sam Feldt Edit)
873,What Christmas Means To Me,Stevie Wonder,adult standards,1967,australia,82,What Christmas Means To Me
874,What Christmas Means To Me,Stevie Wonder,adult standards,1967,canada,82,What Christmas Means To Me
876,Whine Up,Nicky Jam,latin,2019,argentina,66,Whine Up
877,Whine Up,Nicky Jam,latin,2019,bolivia,66,Whine Up
878,Whine Up,Nicky Jam,latin,2019,colombia,66,Whine Up
879,Whine Up,Nicky Jam,latin,2019,chile,66,Whine Up
880,Whine Up,Nicky Jam,latin,2019,spain,66,Whine Up
881,White Christmas,Bing Crosby,adult standards,1942,world,25,White Christmas
882,White Christmas,Bing Crosby,adult standards,1942,africa,25,White Christmas
883,White Christmas,Bing Crosby,adult standards,1942,australia,25,White Christmas
884,White Christmas,Bing Crosby,adult standards,1942,belgium,25,White Christmas
885,White Christmas,Bing Crosby,adult standards,1942,canada,25,White Christmas
886,White Christmas,Bing Crosby,adult standards,1942,usa,25,White Christmas
887,White Christmas (with Shania Twain),Michael Bublé,adult standards,2011,australia,64,White Christmas (with Shania Twain)
888,Wieso tust Du dir das an?,Apache 207,german hip hop,2019,germany,46,Wieso tust Du dir das an?
889,Winter Wonderland,Tony Bennett,adult standards,1968,australia,63,Winter Wonderland
890,Winter Wonderland,Tony Bennett,adult standards,1968,canada,63,Winter Wonderland
891,Winter Wonderland - Remastered 2006,Bing Crosby,adult standards,2006,usa,54,Winter Wonderland (Remastered 2006)
893,Wonderful Christmastime - Edited Version / Remastered 2011,Paul McCartney,album rock,1980,world,77,Wonderful Christmastime (Edited Version / Remastered 2011)
894,Wonderful Christmastime - Edited Version / Remastered 2011,Paul McCartney,album rock,1980,africa,77,Wonderful Christmastime (Edited Version / Remastered 2011)
895,Wonderful Christmastime - Edited Version / Remastered 2011,Paul McCartney,album rock,1980,belgium,77,Wonderful Christmastime (Edited Version / Remastered 2011)
896,Wonderful Christmastime - Edited Version / Remastered 2011,Paul McCartney,album rock,1980,canada,77,Wonderful Christmastime (Edited Version / Remastered 2011)
897,Wonderful Christmastime - Edited Version / Remastered 2011,Paul McCartney,album rock,1980,germany,77,Wonderful Christmastime (Edited Version / Remastered 2011)
898,Wonderful Christmastime - Edited Version / Remastered 2011,Paul McCartney,album rock,1980,usa,77,Wonderful Christmastime (Edited Version / Remastered 2011)
899,Wonderful Christmastime - Edited Version / Remastered 2011,Paul McCartney,album rock,1980,italy,77,Wonderful Christmastime (Edited Version / Remastered 2011)
900,Wonderful Dream (Holidays Are Coming) - Radio Version,Melanie Thornton,Other,2001,germany,52,Wonderful Dream (Holidays Are Coming) (Radio Version)
901,Ya No Mas,Fer Palacio,Other,2019,argentina,88,Ya No Más
903,Yesterday,Official HIGE DANdism,anime rock,2019,japan,56,Yesterday
904,"Yo x Ti, Tu x Mi",ROSALÍA,r&b en espanol,2019,argentina,58,"Yo x Ti, Tu x Mi"
905,"Yo x Ti, Tu x Mi",ROSALÍA,r&b en espanol,2019,bolivia,58,"Yo x Ti, Tu x Mi"
906,"Yo x Ti, Tu x Mi",ROSALÍA,r&b en espanol,2019,chile,58,"Yo x Ti, Tu x Mi"
907,"Yo x Ti, Tu x Mi",ROSALÍA,r&b en espanol,2019,spain,58,"Yo x Ti, Tu x Mi"
909,Zorra,Bad Gyal,rap catalan,2019,spain,74,Zorra
910,bad guy,Billie Eilish,electropop,2019,belgium,56,bad guy
911,bad guy,Billie Eilish,electropop,2019,india,56,bad guy
912,bad guy,Billie Eilish,electropop,2019,israel,56,bad guy
913,bad guy,Billie Eilish,electropop,2019,japan,56,bad guy
914,bad guy,Billie Eilish,electropop,2019,malasya,56,bad guy
915,blun7 a swishland,tha Supreme,trap italiana,2019,italy,57,blun7 a swishland
916,ch1 5ei te,tha Supreme,trap italiana,2019,italy,32,ch1 5ei te
917,choque térmico - ao vivo,Luan Santana,funk carioca,2019,brazil,73,choque térmico (Ao Vivo)
918,comethru,Jeremy Zucker,pop,2018,indonesia,61,comethru
919,comethru,Jeremy Zucker,pop,2018,malasya,61,comethru
920,everything i wanted,Billie Eilish,electropop,2019,world,24,everything i wanted
921,everything i wanted,Billie Eilish,electropop,2019,belgium,24,everything i wanted
922,everything i wanted,Billie Eilish,electropop,2019,israel,24,everything i wanted
923,everything i wanted,Billie Eilish,electropop,2019,malasya,24,everything i wanted
924,fuck 3x,tha Supreme,trap italiana,2019,italy,69,fuck 3x
925,hot girl bummer,blackbear,pop,2019,india,68,hot girl bummer
926,hot girl bummer,blackbear,pop,2019,malasya,68,hot girl bummer
927,lowkey,NIKI,indie r&b,2019,indonesia,23,lowkey
929,m8nstar,tha Supreme,trap italiana,2019,italy,44,m8nstar
930,menina solta,Giulia Be,pop nacional,2019,brazil,67,menina solta
932,quando a bad bater - ao vivo,Luan Santana,funk carioca,2019,brazil,53,quando a bad bater (ao vivo)
934,Áudio - Ao Vivo em Brasília,Diego & Victor Hugo,sertanejo pop,2019,brazil,45,Jaleo
