,Unnamed: 0,title,artist,top genre,year,country,val,dur,albums
2,776,100 Degrees,Rich Brian,indonesian hip hop,2019,indonesia,66,166,The Sailor
3,532,105 F Remix,KEVVO,perreo,2019,chile,74,464,105 F Remix
4,584,105 F Remix,KEVVO,perreo,2019,spain,74,464,105 F Remix
5,434,200 km/h,Apache 207,german hip hop,2019,germany,41,163,200 km/h
6,190,2000 Miles - 2007 Remaster,Pretenders,album rock,1984,australia,45,220,Learning To Crawl [Expanded and Remastered]
8,813,7 rings,Ariana Grande,dance pop,2019,israel,33,179,"thank u, next"
9,198,8 Days of Christmas,Destiny's Child,dance pop,1999,australia,64,210,The Writing's On The Wall
10,727,8 Parche,Baani Sandhu,punjabi pop,2019,india,73,210,8 Parche
11,686,93% [Tijuana],GLK,francoton,2019,france,80,223,93% [Tijuana]
12,328,A Culpa é do Meu Grau (feat. Zé Neto & Cristiano) - Ao Vivo em Brasília,Diego & Victor Hugo,sertanejo pop,2019,brazil,63,183,Festival Flamenco Gitano
13,590,A Dónde Vamos,Morat,colombian pop,2019,spain,96,203,A Dónde Vamos
14,337,A Gente Fez Amor - Ao Vivo,Gusttavo Lima,sertanejo universitario,2019,brazil,83,238,O Embaixador in Cariri (Ao Vivo)
15,43,A Holly Jolly Christmas - Single Version,Burl Ives,adult standards,1998,world,86,133,20 1's Christmas
16,81,A Holly Jolly Christmas - Single Version,Burl Ives,adult standards,1998,africa,86,133,20 1's Christmas
17,182,A Holly Jolly Christmas - Single Version,Burl Ives,adult standards,1998,australia,86,133,20 1's Christmas
18,241,A Holly Jolly Christmas - Single Version,Burl Ives,adult standards,1998,belgium,86,133,20 1's Christmas
19,388,A Holly Jolly Christmas - Single Version,Burl Ives,adult standards,1998,canada,86,133,20 1's Christmas
20,636,A Holly Jolly Christmas - Single Version,Burl Ives,adult standards,1998,usa,86,133,20 1's Christmas
21,897,ANSIA NO,FSK SATELLITE,italian hip hop,2019,italy,71,149,FSK TRAPSHIT REVENGE
22,298,Adan y Eva,Paulo Londra,argentine hip hop,2019,bolivia,72,257,Adan y Eva
23,107,Adicto (with Anuel AA & Ozuna),Tainy,pop reggaeton,2019,argentina,62,271,Adicto
24,259,Adicto (with Anuel AA & Ozuna),Tainy,pop reggaeton,2019,bolivia,62,271,Adicto
25,458,Adicto (with Anuel AA & Ozuna),Tainy,pop reggaeton,2019,colombia,62,271,Adicto
26,508,Adicto (with Anuel AA & Ozuna),Tainy,pop reggaeton,2019,chile,62,271,Adicto
27,559,Adicto (with Anuel AA & Ozuna),Tainy,pop reggaeton,2019,spain,62,271,Adicto
28,485,Adonay,Rodolfo Aicardi,classic colombian pop,2014,colombia,97,187,"Música Tropical de Colombia, Vol. 10"
29,175,Adore You,Harry Styles,dance pop,2019,australia,57,207,Fine Line
30,983,Adore You,Harry Styles,dance pop,2019,malasya,57,207,Fine Line
31,782,Adu Rayu,Yovie Widianto,indonesian pop,2019,indonesia,22,208,Adu Rayu
32,97,Akulaleki,Samthing Soweto,afro house,2019,africa,34,382,Akulaleki (Radio Edit)
33,330,Algo Mais (Amante) - Ao Vivo,Xand Avião,funk carioca,2019,brazil,67,232,Errejota (ao Vivo)
34,479,Alguien Me Gusta,Andy Rivera,latin,2019,colombia,81,169,Alguien Me Gusta
35,548,Algún Día Volveras,Santaferia,cumbia chilena,2018,chile,69,254,Algún Día Volveras
36,432,Alien,RIN,german cloud rap,2019,germany,85,209,Nimmerland
37,4,All I Want for Christmas Is You,Mariah Carey,dance pop,1994,world,35,241,Merry Christmas
38,54,All I Want for Christmas Is You,Mariah Carey,dance pop,1994,africa,35,241,Merry Christmas
39,154,All I Want for Christmas Is You,Mariah Carey,dance pop,1994,australia,35,241,Merry Christmas
40,204,All I Want for Christmas Is You,Mariah Carey,dance pop,1994,belgium,35,241,Merry Christmas
41,251,All I Want for Christmas Is You,Mariah Carey,dance pop,1994,bolivia,35,241,Merry Christmas
42,352,All I Want for Christmas Is You,Mariah Carey,dance pop,1994,canada,35,241,Merry Christmas
43,402,All I Want for Christmas Is You,Mariah Carey,dance pop,1994,germany,35,241,Merry Christmas
44,501,All I Want for Christmas Is You,Mariah Carey,dance pop,1994,chile,35,241,Merry Christmas
45,552,All I Want for Christmas Is You,Mariah Carey,dance pop,1994,spain,35,241,Merry Christmas
46,602,All I Want for Christmas Is You,Mariah Carey,dance pop,1994,usa,35,241,Merry Christmas
47,653,All I Want for Christmas Is You,Mariah Carey,dance pop,1994,france,35,241,Merry Christmas
48,853,All I Want for Christmas Is You,Mariah Carey,dance pop,1994,italy,35,241,Merry Christmas
49,900,All I Want for Christmas Is You,Mariah Carey,dance pop,1994,japan,35,241,Merry Christmas
50,954,All I Want for Christmas Is You,Mariah Carey,dance pop,1994,malasya,35,241,Merry Christmas
52,291,Amor a Primera Vista,Los Angeles Azules,grupera,2019,bolivia,95,221,Amor a Primera Vista
53,787,April,Fiersa Besari,indonesian indie,2014,indonesia,57,264,Tempat Aku Pulang
54,683,Aristocrate,Heuss L'enfoiré,french hip hop,2019,france,63,170,En esprit
55,289,Atrévete,Nicky Jam,latin,2019,bolivia,59,198,Intimo
56,688,Avant toi,Vitaa,francoton,2019,france,25,224,VersuS
57,114,Aventura,Lunay,latin,2019,argentina,88,217,Épico
58,267,Aventura,Lunay,latin,2019,bolivia,88,217,Épico
59,465,Aventura,Lunay,latin,2019,colombia,88,217,Épico
60,513,Aventura,Lunay,latin,2019,chile,88,217,Épico
61,563,Aventura,Lunay,latin,2019,spain,88,217,Épico
62,488,Aventurero,Yeison Jimenez,colombian pop,2019,colombia,90,190,Aventurero
63,412,Ayy Macarena,Tyga,pop rap,2019,germany,72,132,Ayy Macarena
64,864,Ayy Macarena,Tyga,pop rap,2019,italy,72,132,Ayy Macarena
65,334,Aí Eu Bebo - Ao Vivo,Maiara & Maraisa,sertanejo universitario,2019,brazil,85,174,"Music Connection, Volume 1"
68,611,BOP,DaBaby,nc hip hop,2019,usa,84,160,KIRK
69,885,BRAVI A CADERE - I polmoni,Marracash,italian hip hop,2019,italy,28,200,Persona
70,185,Baby It's Cold Outside (duet with Michael Bublé),Idina Menzel,hollywood,2014,australia,56,166,Holiday Wishes
71,383,"Baby, It's Cold Outside",Brett Eldredge,contemporary country,2016,canada,68,174,"Baby, It's Cold Outside (feat. Meghan Trainor)"
72,394,"Baby, It's Cold Outside",Dean Martin,adult standards,1959,canada,54,144,Million Sellers
73,643,"Baby, It's Cold Outside",Dean Martin,adult standards,1959,usa,54,144,Million Sellers
74,674,Baianá,Bakermat,deep euro house,2019,france,49,182,Baianá
76,886,Barrio,Mahmood,italian arena pop,2019,italy,57,165,Barrio
77,76,Beautiful People (feat. Khalid),Ed Sheeran,pop,2019,africa,55,198,Beautiful People (feat. Khalid)
78,763,Beautiful People (feat. Khalid),Ed Sheeran,pop,2019,indonesia,55,198,Beautiful People (feat. Khalid)
79,816,Beautiful People (feat. Khalid),Ed Sheeran,pop,2019,israel,55,198,Beautiful People (feat. Khalid)
80,986,Beautiful People (feat. Khalid),Ed Sheeran,pop,2019,malasya,55,198,Beautiful People (feat. Khalid)
81,321,Bebi Liguei - Ao Vivo,Marília Mendonça,sertanejo,2019,brazil,68,160,"Todos Os Cantos, Vol. 1 (Ao Vivo)"
83,992,Before You Go,Lewis Capaldi,pop,2019,malasya,18,215,Before You Go
85,711,Believer,Imagine Dragons,modern rock,2017,india,67,204,Best Of 2017
86,287,Bellaquita,Dalex,latin,2019,bolivia,77,205,Bellaquita (Remix)
87,125,Bellaquita - Remix,Dalex,latin,2019,argentina,76,305,Bellaquita (Remix)
88,278,Bellaquita - Remix,Dalex,latin,2019,bolivia,76,305,Bellaquita (Remix)
89,475,Bellaquita - Remix,Dalex,latin,2019,colombia,76,305,Bellaquita (Remix)
90,523,Bellaquita - Remix,Dalex,latin,2019,chile,76,305,Bellaquita (Remix)
91,573,Bellaquita - Remix,Dalex,latin,2019,spain,76,305,Bellaquita (Remix)
93,549,Blanca Navidad,Luis Miguel,bolero,2006,chile,18,212,Navidades Luis Miguel
94,127,Blanco,J Balvin,latin,2019,argentina,59,146,Blanco
95,280,Blanco,J Balvin,latin,2019,bolivia,59,146,Blanco
96,472,Blanco,J Balvin,latin,2019,colombia,59,146,Blanco
97,572,Blanco,J Balvin,latin,2019,spain,59,146,Blanco
98,10,Blinding Lights,The Weeknd,canadian contemporary r&b,2019,world,35,202,After Hours
99,207,Blinding Lights,The Weeknd,canadian contemporary r&b,2019,belgium,35,202,After Hours
100,404,Blinding Lights,The Weeknd,canadian contemporary r&b,2019,germany,35,202,After Hours
101,656,Blinding Lights,The Weeknd,canadian contemporary r&b,2019,france,35,202,After Hours
102,704,Blinding Lights,The Weeknd,canadian contemporary r&b,2019,india,35,202,After Hours
103,810,Blinding Lights,The Weeknd,canadian contemporary r&b,2019,israel,35,202,After Hours
104,961,Blinding Lights,The Weeknd,canadian contemporary r&b,2019,malasya,35,202,After Hours
105,694,Block,Larry,french hip hop,2019,france,71,157,Block
106,30,Blue Christmas,Elvis Presley,adult standards,1957,world,58,129,Elvis' Christmas Album
107,73,Blue Christmas,Elvis Presley,adult standards,1957,africa,58,129,Elvis' Christmas Album
108,174,Blue Christmas,Elvis Presley,adult standards,1957,australia,58,129,Elvis' Christmas Album
109,229,Blue Christmas,Elvis Presley,adult standards,1957,belgium,58,129,Elvis' Christmas Album
110,371,Blue Christmas,Elvis Presley,adult standards,1957,canada,58,129,Elvis' Christmas Album
111,624,Blue Christmas,Elvis Presley,adult standards,1957,usa,58,129,Elvis' Christmas Album
112,884,Bossoli,Shiva,italian hip hop,2019,italy,80,179,Bossoli
113,761,Boy With Luv (feat. Halsey),BTS,k-pop,2019,indonesia,80,230,MAP OF THE SOUL : 7
114,984,Boy With Luv (feat. Halsey),BTS,k-pop,2019,malasya,80,230,MAP OF THE SOUL : 7
115,676,Bâtiment,Niska,french hip hop,2019,france,65,211,Mr Sal
116,139,C90 - Remix,John C,argentine hip hop,2019,argentina,61,316,C90 (Remix)
117,138,CANGURO,WOS,argentine indie,2019,argentina,93,197,CANGURO
119,425,COLT,Samra,german hip hop,2019,germany,18,180,COLT
120,877,CRUDELIA - I nervi,Marracash,italian hip hop,2019,italy,7,231,Persona
121,108,Callaita,Bad Bunny,latin,2019,argentina,24,251,Callaita
122,258,Callaita,Bad Bunny,latin,2019,bolivia,24,251,Callaita
123,457,Callaita,Bad Bunny,latin,2019,colombia,24,251,Callaita
124,509,Callaita,Bad Bunny,latin,2019,chile,24,251,Callaita
125,560,Callaita,Bad Bunny,latin,2019,spain,24,251,Callaita
126,126,Calma - Remix,Pedro Capó,latin,2018,argentina,76,238,Calma (Remix)
127,766,Can We Kiss Forever?,Kina,pop,2018,indonesia,12,188,Can We Kiss Forever?
128,491,Cariñito,Rodolfo Aicardi,classic colombian pop,2012,colombia,95,227,De Peligro
129,635,Carol of the Bells,Mykola Dmytrovych Leontovych,post-romantic era,1990,usa,80,85,The All-American Chorus
130,347,Carreira Solo - Ao Vivo,Gusttavo Lima,sertanejo universitario,2019,brazil,92,216,O Embaixador in Cariri - Vol. 2 (Ao Vivo)
131,778,Celengan Rindu,Fiersa Besari,indonesian indie,2014,indonesia,66,224,Tempat Aku Pulang
132,729,Chal Bombay,DIVINE,desi hip hop,2019,india,51,174,Kohinoor
133,312,Chama Ela (feat. Pedro Sampaio),Lexa,baile pop,2019,brazil,96,120,Chama Ela (feat. Pedro Sampaio)
134,739,Chandigarh Mein,Badshah,desi hip hop,2019,india,34,205,Good Newwz
135,304,Cheirosa - Ao Vivo,Jorge & Mateus,sertanejo,2019,brazil,71,182,Caipirinha
136,882,Chiasso,Random,italian hip hop,2019,italy,46,182,Chiasso
137,103,China,Anuel AA,latin,2019,argentina,61,302,China
138,255,China,Anuel AA,latin,2019,bolivia,61,302,China
139,453,China,Anuel AA,latin,2019,colombia,61,302,China
140,505,China,Anuel AA,latin,2019,chile,61,302,China
141,557,China,Anuel AA,latin,2019,spain,61,302,China
142,46,Christmas (Baby Please Come Home),Darlene Love,adult standards,2019,world,36,166,A Christmas Gift For You From Phil Spector
143,83,Christmas (Baby Please Come Home),Darlene Love,adult standards,2019,africa,36,166,A Christmas Gift For You From Phil Spector
144,243,Christmas (Baby Please Come Home),Darlene Love,adult standards,2019,belgium,36,166,A Christmas Gift For You From Phil Spector
145,391,Christmas (Baby Please Come Home),Darlene Love,adult standards,2019,canada,36,166,A Christmas Gift For You From Phil Spector
146,640,Christmas (Baby Please Come Home),Darlene Love,adult standards,2019,usa,36,166,A Christmas Gift For You From Phil Spector
147,28,Christmas (Baby Please Come Home),Mariah Carey,dance pop,1994,world,70,153,Christmas Pop
148,70,Christmas (Baby Please Come Home),Mariah Carey,dance pop,1994,africa,70,153,Christmas Pop
149,226,Christmas (Baby Please Come Home),Mariah Carey,dance pop,1994,belgium,70,153,Christmas Pop
150,369,Christmas (Baby Please Come Home),Mariah Carey,dance pop,1994,canada,70,153,Christmas Pop
151,622,Christmas (Baby Please Come Home),Mariah Carey,dance pop,1994,usa,70,153,Christmas Pop
152,33,Christmas Lights,Coldplay,permanent wave,2010,world,24,242,Christmas Lights
153,173,Christmas Lights,Coldplay,permanent wave,2010,australia,24,242,Christmas Lights
154,230,Christmas Lights,Coldplay,permanent wave,2010,belgium,24,242,Christmas Lights
155,376,Christmas Lights,Coldplay,permanent wave,2010,canada,24,242,Christmas Lights
156,417,Christmas Lights,Coldplay,permanent wave,2010,germany,24,242,Christmas Lights
157,440,Christmas Time,Bryan Adams,album rock,2019,germany,32,243,Various Artists - Top Collection: Merry Christmas Everybody
158,648,Christmas Time Is Here - Vocal,Vince Guaraldi Trio,adult standards,1965,usa,9,166,Vocal Christmas Jazz
159,899,Cin Cin,Alfa,italian arena pop,2019,italy,37,180,Cin Cin
160,794,Cinta Luar Biasa,Andmesh,indonesian pop,2019,indonesia,32,256,Cinta Luar Biasa
161,997,Cinta Luar Biasa,Andmesh,indonesian pop,2019,malasya,32,256,Cinta Luar Biasa
162,3,Circles,Post Malone,dfw rap,2019,world,55,215,Hollywood's Bleeding
163,51,Circles,Post Malone,dfw rap,2019,africa,55,215,Hollywood's Bleeding
164,152,Circles,Post Malone,dfw rap,2019,australia,55,215,Hollywood's Bleeding
165,203,Circles,Post Malone,dfw rap,2019,belgium,55,215,Hollywood's Bleeding
166,601,Circles,Post Malone,dfw rap,2019,usa,55,215,Hollywood's Bleeding
167,702,Circles,Post Malone,dfw rap,2019,india,55,215,Hollywood's Bleeding
168,803,Circles,Post Malone,dfw rap,2019,israel,55,215,Hollywood's Bleeding
169,953,Circles,Post Malone,dfw rap,2019,malasya,55,215,Hollywood's Bleeding
170,335,Com ou Sem Mim (Ao Vivo em Fortaleza),Gustavo Mioto,sertanejo,2019,brazil,30,202,Com ou Sem Mim (Ao Vivo em Fortaleza)
171,301,Combatchy (feat. MC Rebecca),Anitta,baile pop,2019,brazil,61,158,Combatchy (feat. MC Rebecca)
172,690,Compliqué,Dadju,francoton,2019,france,93,215,Compliqué
173,121,Con Altura,ROSALÍA,r&b en espanol,2019,argentina,75,162,Con Altura
174,275,Con Altura,ROSALÍA,r&b en espanol,2019,bolivia,75,162,Con Altura
175,470,Con Altura,ROSALÍA,r&b en espanol,2019,colombia,75,162,Con Altura
176,571,Con Altura,ROSALÍA,r&b en espanol,2019,spain,75,162,Con Altura
177,123,Con Calma,Daddy Yankee,latin,2019,argentina,66,193,Con Calma
178,587,Contando Lunares (feat. Cruz Cafuné),Don Patricio,trap espanol,2019,spain,71,220,La Dura Vida del Joven Rapero
179,315,Contatinho - Ao Vivo Em São Paulo / 2019,Leo Santana,axe,2019,brazil,81,173,Carnaval 2020
180,539,Coronao Now,El Alfa,dembow,2019,chile,72,218,Coronao Now (Remix)
181,526,Cuerpo en Venta,Noriel,latin,2019,chile,41,254,Cuerpo en Venta
182,140,Cómo estás,Ke Personajes,cumbia pop,2019,argentina,98,227,Cómo estás
183,696,Côte Ouest,47ter,french hip hop,2019,france,58,233,Côte Ouest
184,119,"DJ No Pare (feat. Zion, Dalex, Lenny Tavárez) - Remix",Justin Quiles,latin,2019,argentina,83,259,"DJ No Pare (feat. Zion, Dalex, Lenny Tavárez) (Remix)"
185,274,"DJ No Pare (feat. Zion, Dalex, Lenny Tavárez) - Remix",Justin Quiles,latin,2019,bolivia,83,259,"DJ No Pare (feat. Zion, Dalex, Lenny Tavárez) (Remix)"
186,520,"DJ No Pare (feat. Zion, Dalex, Lenny Tavárez) - Remix",Justin Quiles,latin,2019,chile,83,259,"DJ No Pare (feat. Zion, Dalex, Lenny Tavárez) (Remix)"
187,568,"DJ No Pare (feat. Zion, Dalex, Lenny Tavárez) - Remix",Justin Quiles,latin,2019,spain,83,259,"DJ No Pare (feat. Zion, Dalex, Lenny Tavárez) (Remix)"
188,788,Dan...,Sheila On 7,indonesian pop,1999,indonesia,54,289,Sheila On 7
189,740,Dance Like,Harrdy Sandhu,desi pop,2019,india,54,172,Dance Like
190,0,Dance Monkey,Tones and I,australian pop,2019,world,51,209,The Kids Are Coming
191,50,Dance Monkey,Tones and I,australian pop,2019,africa,51,209,The Kids Are Coming
192,100,Dance Monkey,Tones and I,australian pop,2019,argentina,51,209,The Kids Are Coming
193,150,Dance Monkey,Tones and I,australian pop,2019,australia,51,209,The Kids Are Coming
194,200,Dance Monkey,Tones and I,australian pop,2019,belgium,51,209,The Kids Are Coming
195,250,Dance Monkey,Tones and I,australian pop,2019,bolivia,51,209,The Kids Are Coming
196,300,Dance Monkey,Tones and I,australian pop,2019,brazil,51,209,The Kids Are Coming
197,350,Dance Monkey,Tones and I,australian pop,2019,canada,51,209,The Kids Are Coming
198,400,Dance Monkey,Tones and I,australian pop,2019,germany,51,209,The Kids Are Coming
199,450,Dance Monkey,Tones and I,australian pop,2019,colombia,51,209,The Kids Are Coming
200,500,Dance Monkey,Tones and I,australian pop,2019,chile,51,209,The Kids Are Coming
201,550,Dance Monkey,Tones and I,australian pop,2019,spain,51,209,The Kids Are Coming
202,650,Dance Monkey,Tones and I,australian pop,2019,france,51,209,The Kids Are Coming
203,750,Dance Monkey,Tones and I,australian pop,2019,indonesia,51,209,The Kids Are Coming
204,800,Dance Monkey,Tones and I,australian pop,2019,israel,51,209,The Kids Are Coming
205,850,Dance Monkey,Tones and I,australian pop,2019,italy,51,209,The Kids Are Coming
206,950,Dance Monkey,Tones and I,australian pop,2019,malasya,51,209,The Kids Are Coming
207,495,Daniela,Rodolfo Aicardi,classic colombian pop,2012,colombia,93,198,De Peligro
208,680,Dans l'univers,Nekfeu,french hip hop,2019,france,20,244,Les étoiles vagabondes
209,426,Der Bratan bleibt der gleiche,Capital Bra,german hip hop,2019,germany,67,192,Der Bratan bleibt der gleiche
210,295,Desconocidos,Mau y Ricky,latin,2019,bolivia,68,205,Desconocidos
211,297,Detente,Mike Bahía,colombian pop,2019,bolivia,36,182,Navegando
213,687,Distant,Maes,french hip hop,2019,france,49,162,Distant
214,29,Do They Know It's Christmas? - 1984 Version,Band Aid,Other,2004,world,35,223,Do They Know Its Christmas?
215,72,Do They Know It's Christmas? - 1984 Version,Band Aid,Other,2004,africa,35,223,Do They Know Its Christmas?
216,170,Do They Know It's Christmas? - 1984 Version,Band Aid,Other,2004,australia,35,223,Do They Know Its Christmas?
217,228,Do They Know It's Christmas? - 1984 Version,Band Aid,Other,2004,belgium,35,223,Do They Know Its Christmas?
218,370,Do They Know It's Christmas? - 1984 Version,Band Aid,Other,2004,canada,35,223,Do They Know Its Christmas?
219,416,Do They Know It's Christmas? - 1984 Version,Band Aid,Other,2004,germany,35,223,Do They Know Its Christmas?
220,623,Do They Know It's Christmas? - 1984 Version,Band Aid,Other,2004,usa,35,223,Do They Know Its Christmas?
221,387,Do You Hear What I Hear? - Remastered 2006,Bing Crosby,adult standards,2006,canada,41,166,A Capitol Christmas
222,634,Do You Hear What I Hear? - Remastered 2006,Bing Crosby,adult standards,2006,usa,41,166,A Capitol Christmas
223,430,Doch in der Nacht,Apache 207,german hip hop,2019,germany,71,192,Platte
224,342,Dois Lados,Wesley Safadão,forro,2019,brazil,93,147,Dois Lados
225,736,"Don't Be Shy Again (From ""Bala"")",Sachin-Jigar,desi pop,2019,india,91,164,"Don't Be Shy Again (From ""Bala"")"
226,8,Don't Start Now,Dua Lipa,dance pop,2019,world,68,183,Don't Start Now
227,155,Don't Start Now,Dua Lipa,dance pop,2019,australia,68,183,Don't Start Now
228,206,Don't Start Now,Dua Lipa,dance pop,2019,belgium,68,183,Don't Start Now
229,655,Don't Start Now,Dua Lipa,dance pop,2019,france,68,183,Don't Start Now
230,806,Don't Start Now,Dua Lipa,dance pop,2019,israel,68,183,Don't Start Now
231,957,Don't Start Now,Dua Lipa,dance pop,2019,malasya,68,183,Don't Start Now
232,44,Driving Home for Christmas - 2019 Remaster,Chris Rea,album rock,1987,world,87,242,"Dancing with Strangers (Deluxe Edition, 2019 Remaster)"
233,181,Driving Home for Christmas - 2019 Remaster,Chris Rea,album rock,1987,australia,87,242,"Dancing with Strangers (Deluxe Edition, 2019 Remaster)"
234,240,Driving Home for Christmas - 2019 Remaster,Chris Rea,album rock,1987,belgium,87,242,"Dancing with Strangers (Deluxe Edition, 2019 Remaster)"
235,389,Driving Home for Christmas - 2019 Remaster,Chris Rea,album rock,1987,canada,87,242,"Dancing with Strangers (Deluxe Edition, 2019 Remaster)"
236,424,Driving Home for Christmas - 2019 Remaster,Chris Rea,album rock,1987,germany,87,242,"Dancing with Strangers (Deluxe Edition, 2019 Remaster)"
237,480,Dulce Pecado,Jessi Uribe,colombian pop,2019,colombia,77,175,Dulce Pecado
239,585,Easy - Remix,Jhay Cortez,latin,2019,spain,44,220,Easy (Remix)
241,148,El Bombón,Los Palmeras,argentine rock,2016,argentina,87,204,Los Más Grandes Éxitos
242,128,"El Favor (with Nicky Jam & Sech, feat. Farruko, Zion & Lunay)",Dimelo Flow,latin,2019,argentina,48,233,Sigues Con El
243,524,"El Favor (with Nicky Jam & Sech, feat. Farruko, Zion & Lunay)",Dimelo Flow,latin,2019,chile,48,233,Sigues Con El
244,486,El Hijo Ausente,Pastor Lopez,cumbia,2012,colombia,85,173,"Siempre en Diciembre, Vol. 4"
245,497,El Jornalero (El Hijo de Tuta),Lisandro Meza,cumbia,2001,colombia,96,244,El Embajador
246,327,Ela Vem,MC G15,brega funk,2019,brazil,59,197,Ela Vem
247,689,Elle est bonne sa mère,Vegedream,francoton,2019,france,47,197,Elle est bonne sa mère
248,481,En Barranquilla Me Quedo,Joe Arroyo,cumbia,2009,colombia,75,312,"Greatest Salsa Classics Of Colombia, Vol. 2"
249,331,Espaçosa Demais - Ao Vivo,Felipe Araújo,funk carioca,2018,brazil,71,179,Por Inteiro (Primeira Metade) (Ao Vivo)
250,35,Fairytale of New York (feat. Kirsty MacColl),The Pogues,celtic punk,1988,world,47,272,If I Should Fall From Grace With God (Expanded)
251,176,Fairytale of New York (feat. Kirsty MacColl),The Pogues,celtic punk,1988,australia,47,272,If I Should Fall From Grace With God (Expanded)
252,233,Fairytale of New York (feat. Kirsty MacColl),The Pogues,celtic punk,1988,belgium,47,272,If I Should Fall From Grace With God (Expanded)
253,377,Fairytale of New York (feat. Kirsty MacColl),The Pogues,celtic punk,1988,canada,47,272,If I Should Fall From Grace With God (Expanded)
254,345,Fake News - Ao Vivo,Gustavo Mioto,sertanejo,2019,brazil,73,175,Fake News (Ao Vivo)
255,980,Falling,Harry Styles,dance pop,2019,malasya,6,240,Fine Line
256,6,Falling,Trevor Daniel,alternative r&b,2018,world,24,159,Falling
257,156,Falling,Trevor Daniel,alternative r&b,2018,australia,24,159,Falling
258,403,Falling,Trevor Daniel,alternative r&b,2018,germany,24,159,Falling
259,603,Falling,Trevor Daniel,alternative r&b,2018,usa,24,159,Falling
260,703,Falling,Trevor Daniel,alternative r&b,2018,india,24,159,Falling
261,754,Falling,Trevor Daniel,alternative r&b,2018,indonesia,24,159,Falling
262,805,Falling,Trevor Daniel,alternative r&b,2018,israel,24,159,Falling
263,855,Falling,Trevor Daniel,alternative r&b,2018,italy,24,159,Falling
264,956,Falling,Trevor Daniel,alternative r&b,2018,malasya,24,159,Falling
265,105,Fantasias,Rauw Alejandro,latin,2019,argentina,79,200,Fantasias (Remix) [feat. Farruko & Lunay]
266,256,Fantasias,Rauw Alejandro,latin,2019,bolivia,79,200,Fantasias (Remix) [feat. Farruko & Lunay]
267,455,Fantasias,Rauw Alejandro,latin,2019,colombia,79,200,Fantasias (Remix) [feat. Farruko & Lunay]
268,506,Fantasias,Rauw Alejandro,latin,2019,chile,79,200,Fantasias (Remix) [feat. Farruko & Lunay]
269,558,Fantasias,Rauw Alejandro,latin,2019,spain,79,200,Fantasias (Remix) [feat. Farruko & Lunay]
270,529,Fantasía,Ozuna,latin,2019,chile,78,175,Nibiru
271,579,Fantasía,Ozuna,latin,2019,spain,78,175,Nibiru
272,995,Feelings,Lauv,pop,2019,malasya,25,190,~how i'm feeling~
273,38,Feliz Navidad,José Feliciano,latin pop,2001,world,96,182,Feliz Navidad
274,78,Feliz Navidad,José Feliciano,latin pop,2001,africa,96,182,Feliz Navidad
275,235,Feliz Navidad,José Feliciano,latin pop,2001,belgium,96,182,Feliz Navidad
276,284,Feliz Navidad,José Feliciano,latin pop,2001,bolivia,96,182,Feliz Navidad
277,380,Feliz Navidad,José Feliciano,latin pop,2001,canada,96,182,Feliz Navidad
278,420,Feliz Navidad,José Feliciano,latin pop,2001,germany,96,182,Feliz Navidad
279,527,Feliz Navidad,José Feliciano,latin pop,2001,chile,96,182,Feliz Navidad
280,577,Feliz Navidad,José Feliciano,latin pop,2001,spain,96,182,Feliz Navidad
281,629,Feliz Navidad,José Feliciano,latin pop,2001,usa,96,182,Feliz Navidad
282,868,Feliz Navidad,José Feliciano,latin pop,2001,italy,96,182,Feliz Navidad
284,716,Filhall,B Praak,desi pop,2019,india,59,255,Filhall
285,340,Fingindo Maturidade - Ao Vivo,Mano Walter,forro,2019,brazil,74,189,Fingindo Maturidade (ao Vivo)
287,129,Fresa,TINI,latin pop,2019,argentina,86,166,Fresa
288,597,Fuera De Mi Mente,Lérica,spanish pop,2019,spain,70,181,Fuera De Mi Mente
289,614,Futsal Shuffle 2020,Lil Uzi Vert,melodic rap,2019,usa,30,199,Futsal Shuffle 2020
291,308,Gaiola É o Troco,MC Du Black,funk carioca,2019,brazil,85,187,Gaiola É o Troco
292,699,Gasolina (feat. Gambi),Hamza,belgian hip hop,2019,france,72,179,Santa Sauce 2
294,887,Gigolò (feat. Sfera Ebbasta & Capo Plaza),Lazza,italian hip hop,2019,italy,39,164,Persona
295,697,God Bless (feat. Damso),Hamza,belgian hip hop,2019,france,23,162,Santa Sauce 2
296,492,Golpe Con Golpe,Pastor Lopez,cumbia,2012,colombia,97,214,Estos Son los Cantantes
298,137,Goteo,Duki,argentine hip hop,2019,argentina,44,164,Goteo
299,598,Goteo,Duki,argentine hip hop,2019,spain,44,164,Goteo
300,907,Gurenge,LiSA,anime rock,2019,japan,31,239,Gurenge
302,809,HIGHEST IN THE ROOM,Travis Scott,rap,2019,israel,6,176,HIGHEST IN THE ROOM
303,998,Haa Tepok,MeerFly,malaysian hip hop,2019,malasya,68,211,Haa Tepok
304,935,Hakujitsu,King Gnu,j-pop,2019,japan,75,275,Hakujitsu
305,428,Hallelujah,Pentatonix,a cappella,2016,germany,37,269,Hallelujah
306,770,Halu,Feby Putri,Other,2019,indonesia,10,266,Halu
307,796,Hanya Rindu,Andmesh,indonesian pop,2019,indonesia,20,252,Cinta Luar Biasa (Live Version)
308,999,Hanya Rindu,Andmesh,indonesian pop,2019,malasya,20,252,Cinta Luar Biasa (Live Version)
309,873,Happy Xmas (War Is Over),Céline Dion,canadian pop,1998,italy,16,255,Christmas Hits
310,16,Happy Xmas (War Is Over) - Remastered,John Lennon,album rock,2010,world,40,214,Power To The People - The Hits
311,60,Happy Xmas (War Is Over) - Remastered,John Lennon,album rock,2010,africa,40,214,Power To The People - The Hits
312,160,Happy Xmas (War Is Over) - Remastered,John Lennon,album rock,2010,australia,40,214,Power To The People - The Hits
313,215,Happy Xmas (War Is Over) - Remastered,John Lennon,album rock,2010,belgium,40,214,Power To The People - The Hits
314,357,Happy Xmas (War Is Over) - Remastered,John Lennon,album rock,2010,canada,40,214,Power To The People - The Hits
315,407,Happy Xmas (War Is Over) - Remastered,John Lennon,album rock,2010,germany,40,214,Power To The People - The Hits
316,609,Happy Xmas (War Is Over) - Remastered,John Lennon,album rock,2010,usa,40,214,Power To The People - The Hits
317,858,Happy Xmas (War Is Over) - Remastered,John Lennon,album rock,2010,italy,40,214,Power To The People - The Hits
318,903,Happy Xmas (War Is Over) - Remastered,John Lennon,album rock,2010,japan,40,214,Power To The People - The Hits
319,586,Hasta Que Salga el Sol,Ozuna,latin,2019,spain,60,188,Nibiru
321,196,Have Yourself A Merry Little Christmas,Ella Fitzgerald,adult standards,1960,australia,48,176,¡feliz Navidad! 80 Grandes Canciones para Celebrar la Navidad
322,644,Have Yourself A Merry Little Christmas,Judy Garland,adult standards,1944,usa,11,162,Selections from Meet Me in St. Louis and the Harvey Girls (From The Metro-Goldwyn-Mayer Pictures)
323,23,Have Yourself A Merry Little Christmas,Sam Smith,pop,2014,world,34,171,Have Yourself A Merry Little Christmas
324,66,Have Yourself A Merry Little Christmas,Sam Smith,pop,2014,africa,34,171,Have Yourself A Merry Little Christmas
325,167,Have Yourself A Merry Little Christmas,Sam Smith,pop,2014,australia,34,171,Have Yourself A Merry Little Christmas
326,222,Have Yourself A Merry Little Christmas,Sam Smith,pop,2014,belgium,34,171,Have Yourself A Merry Little Christmas
327,364,Have Yourself A Merry Little Christmas,Sam Smith,pop,2014,canada,34,171,Have Yourself A Merry Little Christmas
328,413,Have Yourself A Merry Little Christmas,Sam Smith,pop,2014,germany,34,171,Have Yourself A Merry Little Christmas
329,619,Have Yourself A Merry Little Christmas,Sam Smith,pop,2014,usa,34,171,Have Yourself A Merry Little Christmas
330,707,Heartless,The Weeknd,canadian contemporary r&b,2019,india,20,200,After Hours
331,943,Hikoutei,King Gnu,j-pop,2019,japan,49,262,Hikoutei
332,307,Hit Contagiante,Felipe Original,brega funk,2019,brazil,96,137,Hit Contagiante
333,247,Hoe Het Danst,Marco Borsato,dutch cabaret,2019,belgium,42,253,Hoe Het Danst
334,117,Hola - Remix,Dalex,latin,2019,argentina,34,250,Hola (Remix)
335,269,Hola - Remix,Dalex,latin,2019,bolivia,34,250,Hola (Remix)
336,466,Hola - Remix,Dalex,latin,2019,colombia,34,250,Hola (Remix)
337,518,Hola - Remix,Dalex,latin,2019,chile,34,250,Hola (Remix)
338,567,Hola - Remix,Dalex,latin,2019,spain,34,250,Hola (Remix)
339,896,Holly & Benji (feat. Capo Plaza & Shiva),AVA,italian hip hop,2019,italy,50,220,Tabú
340,45,Holly Jolly Christmas,Michael Bublé,adult standards,2011,world,74,122,Christmas (Deluxe Special Edition)
341,82,Holly Jolly Christmas,Michael Bublé,adult standards,2011,africa,74,122,Christmas (Deluxe Special Edition)
342,184,Holly Jolly Christmas,Michael Bublé,adult standards,2011,australia,74,122,Christmas (Deluxe Special Edition)
343,242,Holly Jolly Christmas,Michael Bublé,adult standards,2011,belgium,74,122,Christmas (Deluxe Special Edition)
344,390,Holly Jolly Christmas,Michael Bublé,adult standards,2011,canada,74,122,Christmas (Deluxe Special Edition)
345,535,Holly Jolly Christmas,Michael Bublé,adult standards,2011,chile,74,122,Christmas (Deluxe Special Edition)
346,639,Holly Jolly Christmas,Michael Bublé,adult standards,2011,usa,74,122,Christmas (Deluxe Special Edition)
347,665,Holly Jolly Christmas,Michael Bublé,adult standards,2011,france,74,122,Christmas (Deluxe Special Edition)
348,872,Holly Jolly Christmas,Michael Bublé,adult standards,2011,italy,74,122,Christmas (Deluxe Special Edition)
349,991,Holly Jolly Christmas,Michael Bublé,adult standards,2011,malasya,74,122,Christmas (Deluxe Special Edition)
350,965,How Do You Sleep?,Sam Smith,pop,2019,malasya,35,202,How Do You Sleep?
351,199,How to Make Gravy,Paul Kelly,australian alternative rock,2019,australia,39,269,Goin' Your Way
352,668,Hé oh,Gambi,pop urbaine,2019,france,54,178,Hé oh
353,764,I Don't Care (with Justin Bieber),Ed Sheeran,pop,2019,indonesia,84,220,I Don't Care
354,817,I Don't Care (with Justin Bieber),Ed Sheeran,pop,2019,israel,84,220,I Don't Care
355,771,I Love You 3000,Stephanie Poetri,indonesian pop,2019,indonesia,41,210,I Love You 3000
356,993,I Love You 3000,Stephanie Poetri,indonesian pop,2019,malasya,41,210,I Love You 3000
357,789,I Love You but I'm Letting Go,Pamungkas,indonesian indie,2018,indonesia,13,220,Walk The Talk
362,84,I'll Be Home for Christmas,Michael Bublé,adult standards,2011,africa,15,268,Call Me Irresponsible (Standard Edition)
363,395,I'll Be Home for Christmas,Michael Bublé,adult standards,2011,canada,15,268,Call Me Irresponsible (Standard Edition)
364,982,I.F.L.Y.,Bazzi,pop,2019,malasya,55,166,I.F.L.Y.
365,730,Ik Tera,Maninder Buttar,desi pop,2019,india,49,161,Ik Tera
366,541,Imaginaste - Remix,Jhay Cortez,latin,2019,chile,60,247,Imaginaste (Remix)
367,443,In der Weihnachtsbäckerei,Rolf Zuckowski,german pop,1987,germany,92,173,In der Weihnachtsbäckerei
368,116,Indeciso,Reik,latin,2019,argentina,90,217,Indeciso
369,265,Indeciso,Reik,latin,2019,bolivia,90,217,Indeciso
370,462,Indeciso,Reik,latin,2019,colombia,90,217,Indeciso
371,562,Indeciso,Reik,latin,2019,spain,90,217,Indeciso
372,543,Infeliz,Arcangel,latin,2019,chile,72,221,Historias de un Capricornio
373,978,Into the Unknown,Idina Menzel,hollywood,2019,malasya,27,195,Frozen 2 (Original Motion Picture Soundtrack/Deluxe Edition)
374,316,Invocada (Participação especial de Léo Santana) - Ao vivo,Ludmilla,baile pop,2019,brazil,70,157,Hello mundo (Ao vivo)
375,26,It's Beginning to Look a Lot Like Christmas (with Mitchell Ayres & His Orchestra),Perry Como,adult standards,1999,world,72,156,My Love and Devotion
376,69,It's Beginning to Look a Lot Like Christmas (with Mitchell Ayres & His Orchestra),Perry Como,adult standards,1999,africa,72,156,My Love and Devotion
377,225,It's Beginning to Look a Lot Like Christmas (with Mitchell Ayres & His Orchestra),Perry Como,adult standards,1999,belgium,72,156,My Love and Devotion
378,368,It's Beginning to Look a Lot Like Christmas (with Mitchell Ayres & His Orchestra),Perry Como,adult standards,1999,canada,72,156,My Love and Devotion
379,620,It's Beginning to Look a Lot Like Christmas (with Mitchell Ayres & His Orchestra),Perry Como,adult standards,1999,usa,72,156,My Love and Devotion
380,40,It's Beginning to Look a Lot like Christmas,Michael Bublé,adult standards,2011,world,36,207,To Be Loved
381,80,It's Beginning to Look a Lot like Christmas,Michael Bublé,adult standards,2011,africa,36,207,To Be Loved
382,180,It's Beginning to Look a Lot like Christmas,Michael Bublé,adult standards,2011,australia,36,207,To Be Loved
383,237,It's Beginning to Look a Lot like Christmas,Michael Bublé,adult standards,2011,belgium,36,207,To Be Loved
384,384,It's Beginning to Look a Lot like Christmas,Michael Bublé,adult standards,2011,canada,36,207,To Be Loved
385,421,It's Beginning to Look a Lot like Christmas,Michael Bublé,adult standards,2011,germany,36,207,To Be Loved
386,530,It's Beginning to Look a Lot like Christmas,Michael Bublé,adult standards,2011,chile,36,207,To Be Loved
387,580,It's Beginning to Look a Lot like Christmas,Michael Bublé,adult standards,2011,spain,36,207,To Be Loved
388,631,It's Beginning to Look a Lot like Christmas,Michael Bublé,adult standards,2011,usa,36,207,To Be Loved
389,870,It's Beginning to Look a Lot like Christmas,Michael Bublé,adult standards,2011,italy,36,207,To Be Loved
390,989,It's Beginning to Look a Lot like Christmas,Michael Bublé,adult standards,2011,malasya,36,207,To Be Loved
391,758,It's You,Ali Gatie,canadian hip hop,2019,indonesia,40,213,It's You
392,974,It's You,Ali Gatie,canadian hip hop,2019,malasya,40,213,It's You
393,15,It's the Most Wonderful Time of the Year,Andy Williams,adult standards,1963,world,78,152,Easter on the Catwalk
394,58,It's the Most Wonderful Time of the Year,Andy Williams,adult standards,1963,africa,78,152,Easter on the Catwalk
395,161,It's the Most Wonderful Time of the Year,Andy Williams,adult standards,1963,australia,78,152,Easter on the Catwalk
396,213,It's the Most Wonderful Time of the Year,Andy Williams,adult standards,1963,belgium,78,152,Easter on the Catwalk
397,355,It's the Most Wonderful Time of the Year,Andy Williams,adult standards,1963,canada,78,152,Easter on the Catwalk
398,410,It's the Most Wonderful Time of the Year,Andy Williams,adult standards,1963,germany,78,152,Easter on the Catwalk
399,608,It's the Most Wonderful Time of the Year,Andy Williams,adult standards,1963,usa,78,152,Easter on the Catwalk
400,861,It's the Most Wonderful Time of the Year,Andy Williams,adult standards,1963,italy,78,152,Easter on the Catwalk
401,972,It's the Most Wonderful Time of the Year,Andy Williams,adult standards,1963,malasya,78,152,Easter on the Catwalk
403,679,Jamais,Mister V,french hip hop,2019,france,79,192,Jamais
404,93,Jerusalem,Master KG,kwaito house,2019,africa,84,343,Jerusalem
405,14,Jingle Bell Rock,Bobby Helms,adult standards,1992,world,81,131,All The Best
406,57,Jingle Bell Rock,Bobby Helms,adult standards,1992,africa,81,131,All The Best
407,163,Jingle Bell Rock,Bobby Helms,adult standards,1992,australia,81,131,All The Best
408,214,Jingle Bell Rock,Bobby Helms,adult standards,1992,belgium,81,131,All The Best
409,260,Jingle Bell Rock,Bobby Helms,adult standards,1992,bolivia,81,131,All The Best
410,356,Jingle Bell Rock,Bobby Helms,adult standards,1992,canada,81,131,All The Best
411,409,Jingle Bell Rock,Bobby Helms,adult standards,1992,germany,81,131,All The Best
412,510,Jingle Bell Rock,Bobby Helms,adult standards,1992,chile,81,131,All The Best
413,607,Jingle Bell Rock,Bobby Helms,adult standards,1992,usa,81,131,All The Best
414,859,Jingle Bell Rock,Bobby Helms,adult standards,1992,italy,81,131,All The Best
415,971,Jingle Bell Rock,Bobby Helms,adult standards,1992,malasya,81,131,All The Best
422,192,Jingle Bells (feat. The Puppini Sisters),Michael Bublé,adult standards,2011,australia,83,162,Christmas (Deluxe Special Edition)
423,398,Jingle Bells (feat. The Puppini Sisters),Michael Bublé,adult standards,2011,canada,83,162,Christmas (Deluxe Special Edition)
424,386,Joy To The World,Nat King Cole,adult standards,1962,canada,66,85,Holy Christmas (30 Fabulous Christmas Songs)
425,633,Joy To The World,Nat King Cole,adult standards,1962,usa,66,85,Holy Christmas (30 Fabulous Christmas Songs)
426,448,KARMA,Nimo,german hip hop,2019,germany,53,255,KARMA (REMIX)
427,447,KEIN SCHLAF,Nimo,german hip hop,2019,germany,43,200,KEIN SCHLAF
430,790,Kartonyono Medot Janji,Denny Caknan,Other,2019,indonesia,75,262,Kartonyono Medot Janji
431,441,Keine Liebe,RIN,german cloud rap,2019,germany,57,198,Keine Liebe
432,792,Kenangan Manis,Pamungkas,indonesian indie,2018,indonesia,72,208,Walk The Talk
433,785,Kumau Dia,Andmesh,indonesian pop,2019,indonesia,60,256,Cinta Luar Biasa
434,106,LA CANCIÓN,J Balvin,latin,2019,argentina,43,243,OASIS
435,257,LA CANCIÓN,J Balvin,latin,2019,bolivia,43,243,OASIS
436,456,LA CANCIÓN,J Balvin,latin,2019,colombia,43,243,OASIS
437,507,LA CANCIÓN,J Balvin,latin,2019,chile,43,243,OASIS
438,494,La Burrita,Los Corraleros De Majagual,cumbia,2012,colombia,95,157,"Fiesta Colombiana, Vol. 1"
439,544,La Cama,Lunay,latin,2019,chile,82,189,La Cama (Remix)
440,595,La Cama,Lunay,latin,2019,spain,82,189,La Cama (Remix)
441,149,La Cola,Los Palmeras,argentine rock,2016,argentina,87,169,Tiempo De Bailar
442,299,La Difícil,Camilo,colombian pop,2019,bolivia,55,159,La Difícil
443,484,La Noche,Joe Arroyo,cumbia,1999,colombia,83,264,Sabor a Salsa
444,589,La Rubia - Remix 2,La Nueva Escuela,dembow,2019,spain,75,211,La Rubia
445,675,La vie qu'on mène,Ninho,french hip hop,2019,france,46,193,Destin
446,89,Labantwana Ama Uber,Semi Tee,amapiano,2019,africa,53,384,Labantwana Ama Uber
447,812,Lalala,Y2K,pop rap,2019,israel,50,161,Lalala
448,498,Las Caleñas,Pastor Lopez Y Su Combo,cumbia,2010,colombia,94,212,Los Originales - 110 Discos de Oro
449,490,Las Cuatro Fiestas,Diomedes Diaz,cumbia,2006,colombia,97,275,Las Que Faltaban
450,37,Last Christmas,Wham!,new wave pop,1984,world,95,263,LAST CHRISTMAS
451,77,Last Christmas,Wham!,new wave pop,1984,africa,95,263,LAST CHRISTMAS
452,177,Last Christmas,Wham!,new wave pop,1984,australia,95,263,LAST CHRISTMAS
453,234,Last Christmas,Wham!,new wave pop,1984,belgium,95,263,LAST CHRISTMAS
454,285,Last Christmas,Wham!,new wave pop,1984,bolivia,95,263,LAST CHRISTMAS
455,379,Last Christmas,Wham!,new wave pop,1984,canada,95,263,LAST CHRISTMAS
456,419,Last Christmas,Wham!,new wave pop,1984,germany,95,263,LAST CHRISTMAS
457,574,Last Christmas,Wham!,new wave pop,1984,spain,95,263,LAST CHRISTMAS
458,628,Last Christmas,Wham!,new wave pop,1984,usa,95,263,LAST CHRISTMAS
459,661,Last Christmas,Wham!,new wave pop,1984,france,95,263,LAST CHRISTMAS
460,867,Last Christmas,Wham!,new wave pop,1984,italy,95,263,LAST CHRISTMAS
461,906,Last Christmas,Wham!,new wave pop,1984,japan,95,263,LAST CHRISTMAS
462,988,Last Christmas,Wham!,new wave pop,1984,malasya,95,263,LAST CHRISTMAS
463,775,Lebih Dari Egoku,Mawar De Jongh,indonesian pop,2019,indonesia,33,249,Lebih Dari Egoku
464,320,Lençol Dobrado,João Gustavo e Murilo,funk carioca,2018,brazil,67,179,Lençol Dobrado
465,22,Let It Snow! Let It Snow! Let It Snow!,Dean Martin,adult standards,1959,world,70,117,Let It Snow
466,65,Let It Snow! Let It Snow! Let It Snow!,Dean Martin,adult standards,1959,africa,70,117,Let It Snow
467,221,Let It Snow! Let It Snow! Let It Snow!,Dean Martin,adult standards,1959,belgium,70,117,Let It Snow
468,363,Let It Snow! Let It Snow! Let It Snow!,Dean Martin,adult standards,1959,canada,70,117,Let It Snow
469,618,Let It Snow! Let It Snow! Let It Snow!,Dean Martin,adult standards,1959,usa,70,117,Let It Snow
470,659,Let It Snow! Let It Snow! Let It Snow!,Dean Martin,adult standards,1959,france,70,117,Let It Snow
478,305,Liberdade Provisória,Henrique & Juliano,sertanejo universitario,2019,brazil,70,188,Guitar Music Of Brazil
479,374,Like It's Christmas,Jonas Brothers,boy band,2019,canada,61,201,Like It's Christmas
480,626,Like It's Christmas,Jonas Brothers,boy band,2019,usa,61,201,Like It's Christmas
481,183,Little Saint Nick - 1991 Remix,The Beach Boys,baroque pop,1964,australia,97,119,Christmas With The Beach Boys
482,638,Little Saint Nick - 1991 Remix,The Beach Boys,baroque pop,1964,usa,97,119,Christmas With The Beach Boys
483,290,Loco,Beéle,Other,2019,bolivia,77,204,Loco
484,477,Loco,Beéle,Other,2019,colombia,77,204,Loco
485,672,Loin de moi,Naza,francoton,2019,france,50,144,Loin de moi
486,489,Loquito por Ti,Armando Hernandez,chicha,2012,colombia,86,287,El Mejor Intérprete Tropical - 16 Exitos
487,94,Lorch,Kabza De Small,afro house,2019,africa,41,375,The Return Of The Scorpion Kings
488,482,Los sabanales,Calixto Ochoa,cumbia,1971,colombia,78,162,Vallenatos
489,753,Lose You To Love Me,Selena Gomez,dance pop,2019,indonesia,9,206,Rare (Deluxe)
490,958,Lose You To Love Me,Selena Gomez,dance pop,2019,malasya,9,206,Rare (Deluxe)
491,99,"Love You Tonight (feat. DJ Maphorisa, Sha Sha & Kabza De Small)",Mfr Souls,afro house,2019,africa,68,353,Scorpion Kings
493,756,Lucid Dreams,Juice WRLD,chicago rap,2018,indonesia,22,240,Goodbye & Good Riddance
494,811,Lucid Dreams,Juice WRLD,chicago rap,2018,israel,22,240,Goodbye & Good Riddance
495,964,Lucid Dreams,Juice WRLD,chicago rap,2018,malasya,22,240,Goodbye & Good Riddance
496,678,Ma belle,Moha La Squale,french hip hop,2019,france,47,158,Ma belle
497,691,Ma vie,Dadju,francoton,2019,france,32,209,Ma vie
498,939,Machigaisagashi,Masaki Suda,anime rock,2019,japan,44,224,Machigaisagashi
500,681,Maman ne le sait pas (feat. Niska),Ninho,french hip hop,2019,france,39,203,Destin
501,545,Mami,Paloma Mami,latin pop,2019,chile,51,195,Mami
502,685,Marie,Koba LaD,french hip hop,2019,france,68,195,L'Affranchi (Deluxe)
503,193,Mary's Boy Child / Oh My Lord,Boney M.,disco,2017,australia,93,241,The Magic Of Boney M.
504,673,Mayday (feat. Ninho),SCH,french hip hop,2019,france,25,210,Rooftop
505,141,Me Vas a Extrañar - En Vivo,Damas Gratis,cumbia villera,2018,argentina,64,239,Me Vas a Extrañar (En Vivo)
506,760,Mean It,Lauv,pop,2019,indonesia,34,233,Mean It (stripped)
507,977,Mean It,Lauv,pop,2019,malasya,34,233,Mean It (stripped)
508,641,Mele Kalikimaka (Merry Christmas),Bing Crosby,adult standards,1945,usa,62,175,"Gigantisch Gut: Oldie Hits, Vol. 576"
509,2,Memories,Maroon 5,pop,2019,world,57,189,Memories
510,52,Memories,Maroon 5,pop,2019,africa,57,189,Memories
511,153,Memories,Maroon 5,pop,2019,australia,57,189,Memories
512,202,Memories,Maroon 5,pop,2019,belgium,57,189,Memories
513,652,Memories,Maroon 5,pop,2019,france,57,189,Memories
514,700,Memories,Maroon 5,pop,2019,india,57,189,Memories
515,751,Memories,Maroon 5,pop,2019,indonesia,57,189,Memories
516,802,Memories,Maroon 5,pop,2019,israel,57,189,Memories
517,851,Memories,Maroon 5,pop,2019,italy,57,189,Memories
518,951,Memories,Maroon 5,pop,2019,malasya,57,189,Memories
520,49,Merry Christmas Everyone,Shakin' Stevens,new wave pop,1997,world,96,224,Shakin' Stevens - The Collection
521,87,Merry Christmas Everyone,Shakin' Stevens,new wave pop,1997,africa,96,224,Shakin' Stevens - The Collection
522,197,Merry Christmas Everyone,Shakin' Stevens,new wave pop,1997,australia,96,224,Shakin' Stevens - The Collection
523,248,Merry Christmas Everyone,Shakin' Stevens,new wave pop,1997,belgium,96,224,Shakin' Stevens - The Collection
524,399,Merry Christmas Everyone,Shakin' Stevens,new wave pop,1997,canada,96,224,Shakin' Stevens - The Collection
525,445,Merry Christmas Everyone,Shakin' Stevens,new wave pop,1997,germany,96,224,Shakin' Stevens - The Collection
526,436,Merry Xmas Everybody,Slade,album rock,1973,germany,47,223,Merry Xmas Everybody
527,343,"Mil Anos - Recorded At Mosh Studios, São Paulo",Jorge & Mateus,sertanejo,2019,brazil,45,189,Caipirinha
528,996,Mimpi (feat. Alif),K-Clique,malaysian indie,2019,malasya,87,253,Mimpi (feat. Alif)
529,17,Mistletoe,Justin Bieber,canadian pop,2011,world,85,183,Under The Mistletoe (Deluxe Edition)
530,59,Mistletoe,Justin Bieber,canadian pop,2011,africa,85,183,Under The Mistletoe (Deluxe Edition)
531,162,Mistletoe,Justin Bieber,canadian pop,2011,australia,85,183,Under The Mistletoe (Deluxe Edition)
532,216,Mistletoe,Justin Bieber,canadian pop,2011,belgium,85,183,Under The Mistletoe (Deluxe Edition)
533,358,Mistletoe,Justin Bieber,canadian pop,2011,canada,85,183,Under The Mistletoe (Deluxe Edition)
534,408,Mistletoe,Justin Bieber,canadian pop,2011,germany,85,183,Under The Mistletoe (Deluxe Edition)
535,610,Mistletoe,Justin Bieber,canadian pop,2011,usa,85,183,Under The Mistletoe (Deluxe Edition)
536,860,Mistletoe,Justin Bieber,canadian pop,2011,italy,85,183,Under The Mistletoe (Deluxe Edition)
537,969,Mistletoe,Justin Bieber,canadian pop,2011,malasya,85,183,Under The Mistletoe (Deluxe Edition)
538,392,Mistletoe And Holly - Remastered 1999,Frank Sinatra,adult standards,1957,canada,34,136,A Jolly Christmas From Frank Sinatra
539,642,Mistletoe And Holly - Remastered 1999,Frank Sinatra,adult standards,1957,usa,34,136,A Jolly Christmas From Frank Sinatra
540,439,Mit Dir,Loredana,kosovan pop,2019,germany,64,158,Mit Dir
541,692,Mortel,Koba LaD,french hip hop,2019,france,66,204,Mortel
542,666,Moulaga,Heuss L'enfoiré,french hip hop,2019,france,48,180,Moulaga
548,42,My Only Wish (This Year),Britney Spears,dance pop,2019,world,68,255,The Best of Christmas Hits
549,239,My Only Wish (This Year),Britney Spears,dance pop,2019,belgium,68,255,The Best of Christmas Hits
550,422,My Only Wish (This Year),Britney Spears,dance pop,2019,germany,68,255,The Best of Christmas Hits
551,684,Méchant,Niska,french hip hop,2019,france,41,191,Mr Sal
552,734,"Naah Goriye (From ""Bala"")",B Praak,desi pop,2019,india,72,185,"Naah Goriye (From ""Bala"")"
553,90,Nana Thula,Kabza De Small,afro house,2019,africa,59,439,Piano Hub
554,547,"Navidad, Navidad",Luis Miguel,bolero,2006,chile,75,155,Navidades Luis Miguel
555,244,Ne reviens pas,Gradur,french hip hop,2019,belgium,93,189,Ne reviens pas
556,669,Ne reviens pas,Gradur,french hip hop,2019,france,93,189,Ne reviens pas
557,819,Never Go Back,Dennis Lloyd,israeli pop,2019,israel,73,175,Never Go Back
558,186,Never Seen The Rain,Tones and I,australian pop,2019,australia,27,201,The Kids Are Coming
559,818,Nevermind,Dennis Lloyd,israeli pop,2017,israel,8,157,Nevermind
560,144,No Dijeron Nada,Oscu,trap argentino,2019,argentina,91,187,No Dijeron Nada
561,975,No Idea,Don Toliver,rap,2019,malasya,35,154,No Idea
562,120,No Me Conoce - Remix,Jhay Cortez,latin,2019,argentina,58,309,No Me Conoce (Remix)
563,271,No Me Conoce - Remix,Jhay Cortez,latin,2019,bolivia,58,309,No Me Conoce (Remix)
564,468,No Me Conoce - Remix,Jhay Cortez,latin,2019,colombia,58,309,No Me Conoce (Remix)
565,519,No Me Conoce - Remix,Jhay Cortez,latin,2019,chile,58,309,No Me Conoce (Remix)
566,570,No Me Conoce - Remix,Jhay Cortez,latin,2019,spain,58,309,No Me Conoce (Remix)
567,142,No Te Creas Tan Importante - En Vivo,Damas Gratis,cumbia villera,2018,argentina,67,240,No Te Creas Tan Importante (En Vivo)
568,537,No Te Debí Besar,C. Tangana,trap espanol,2019,chile,62,183,No Te Debí Besar
569,889,Non Avere Paura,Tommaso Paradiso,italian arena pop,2019,italy,24,247,Non Avere Paura
570,296,Nunca Es Suficiente,Los Angeles Azules,grupera,2018,bolivia,80,266,Esto Sí Es Cumbia
571,438,Nur zur Info,Ufo361,german cloud rap,2019,germany,23,142,Nur zur Info
572,795,Nyaman,Andmesh,indonesian pop,2019,indonesia,46,227,Nyaman
574,645,O Tannenbaum,Vince Guaraldi Trio,adult standards,1965,usa,34,309,Merry Christmas in Jazz (40 Christmas Songs)
575,147,Ocho Cuarenta,Rodrigo,argentine rock,1998,argentina,85,355,Rodrigo - El potro
576,493,Ojitos Hechiceros,Rodolfo Aicardi,classic colombian pop,2012,colombia,62,220,Muy Tropical y Bailable - 16 Exitos
577,146,Olvídala,Los Palmeras,argentine rock,2004,argentina,52,290,20 Grandes Exitos
578,713,On My Way,Alan Walker,electro house,2019,india,30,194,On My Way
579,765,On My Way,Alan Walker,electro house,2019,indonesia,30,194,On My Way
580,784,One Only,Pamungkas,indonesian indie,2018,indonesia,11,255,Walk The Talk
581,282,Otro Trago,Sech,panamanian pop,2019,bolivia,62,226,Otro Trago (Remix)
582,122,Otro Trago - Remix,Sech,panamanian pop,2019,argentina,76,288,Otro Trago (Remix)
583,276,Otro Trago - Remix,Sech,panamanian pop,2019,bolivia,76,288,Otro Trago (Remix)
584,521,Otro Trago - Remix,Sech,panamanian pop,2019,chile,76,288,Otro Trago (Remix)
585,569,Otro Trago - Remix,Sech,panamanian pop,2019,spain,76,288,Otro Trago (Remix)
586,667,Oui ou non,Angèle,belgian pop,2019,france,36,197,Brol La Suite
587,132,Oye,TINI,latin pop,2019,argentina,26,173,Oye
588,281,Pa Mí - Remix,Dalex,latin,2019,bolivia,73,361,Climaxxx
589,277,Pa' Olvidarme De Ella,Piso 21,colombian pop,2019,bolivia,64,227,Pa' Olvidarme De Ella
590,474,Pa' Olvidarme De Ella,Piso 21,colombian pop,2019,colombia,64,227,Pa' Olvidarme De Ella
591,720,"Pachtaoge (From ""Jaani Ve"")",Arijit Singh,desi pop,2019,india,48,227,"Pachtaoge (From ""Jaani Ve"")"
593,947,Paprika,Foorin,kodomo no ongaku,2018,japan,73,208,Paprika
594,329,"Para, Pensa e Volta - Ao Vivo",Yasmin Santos,sertanejo pop,2019,brazil,57,174,Yasmin Santos Ao Vivo em São Paulo - EP 2
595,786,"Pelukku Untuk Pelikmu - OST Imperfect: Karier, Cinta, & Timbangan",Fiersa Besari,indonesian indie,2019,indonesia,25,250,Kepastian
597,130,Perreo en La Luna,Rich Music LTD,reggaeton,2019,argentina,72,219,The Academy
598,534,Perreo en La Luna,Rich Music LTD,reggaeton,2019,chile,72,219,The Academy
599,583,Perreo en La Luna,Rich Music LTD,reggaeton,2019,spain,72,219,The Academy
600,695,Petit Papa Noël,Tino Rossi,chanson,1998,france,42,196,Take My Hand Precious Lord
601,536,Piensan,Myke Towers,latin,2019,chile,79,173,Piensan
602,783,Pilu Membiru,Kunto Aji,indonesian indie,2018,indonesia,5,252,Mantra Mantra
603,542,Piropo,Noriel,latin,2019,chile,77,220,Piropo
604,879,Pookie (feat. Capo Plaza) - Remix,Aya Nakamura,basshall,2019,italy,51,188,Pookie (feat. Capo Plaza) (Remix)
605,664,Popopop,Gambi,pop urbaine,2019,france,41,156,Popopop
606,599,Prendio - Remix,Rvfv,trap espanol,2019,spain,75,191,Prendio (Remix)
607,593,Prendío,Rvfv,trap espanol,2019,spain,90,190,Prendio (Remix)
608,934,Pretender,Official HIGE DANdism,anime rock,2019,japan,37,327,Pretender
609,724,Proper Patola,Badshah,desi hip hop,2018,india,49,179,Namaste England
610,780,Psycho,Red Velvet,k-pop,2019,indonesia,41,211,‘The ReVe Festival’ Finale
611,994,Psycho,Red Velvet,k-pop,2019,malasya,41,211,‘The ReVe Festival’ Finale
612,273,QUE PRETENDES,J Balvin,latin,2019,bolivia,94,222,OASIS
613,469,QUE PRETENDES,J Balvin,latin,2019,colombia,94,222,OASIS
614,522,QUE PRETENDES,J Balvin,latin,2019,chile,94,222,OASIS
615,318,Quando a vontade bater (Participação especial de PK Delas),Pk,brazilian edm,2019,brazil,70,166,Quando a vontade bater (Participação especial de PK Delas)
616,314,Quarta Cadeira - Ao Vivo,Matheus & Kauan,pop nacional,2019,brazil,60,224,Ninety9lives 95: Another Castle
617,576,Que Calor (feat. J Balvin & El Alfa),Major Lazer,dance pop,2019,spain,46,170,Que Calor (feat. J Balvin & El Alfa)
618,662,Que Calor (feat. J Balvin & El Alfa),Major Lazer,dance pop,2019,france,46,170,Que Calor (feat. J Balvin & El Alfa)
619,286,Que Mas Pues - Remix,Sech,panamanian pop,2019,bolivia,81,306,Sueños
620,109,Que Tire Pa Lante,Daddy Yankee,latin,2019,argentina,71,211,Que Tire Pa Lante
621,262,Que Tire Pa Lante,Daddy Yankee,latin,2019,bolivia,71,211,Que Tire Pa Lante
622,460,Que Tire Pa Lante,Daddy Yankee,latin,2019,colombia,71,211,Que Tire Pa Lante
623,512,Que Tire Pa Lante,Daddy Yankee,latin,2019,chile,71,211,Que Tire Pa Lante
624,348,Quem Traiu Levou - Ao Vivo,Gusttavo Lima,sertanejo universitario,2019,brazil,83,154,Quem Traiu Levou (Ao Vivo)
625,112,Quizas,Rich Music LTD,reggaeton,2019,argentina,68,216,The Academy
626,266,Quizas,Rich Music LTD,reggaeton,2019,bolivia,68,216,The Academy
627,461,Quizas,Rich Music LTD,reggaeton,2019,colombia,68,216,The Academy
628,514,Quizas,Rich Music LTD,reggaeton,2019,chile,68,216,The Academy
629,566,Quizas,Rich Music LTD,reggaeton,2019,spain,68,216,The Academy
630,279,Qué Pena,Maluma,latin,2019,bolivia,86,213,Qué Pena
631,473,Qué Pena,Maluma,latin,2019,colombia,86,213,Qué Pena
640,1,ROXANNE,Arizona Zervas,pop rap,2019,world,46,164,ROXANNE
641,53,ROXANNE,Arizona Zervas,pop rap,2019,africa,46,164,ROXANNE
642,151,ROXANNE,Arizona Zervas,pop rap,2019,australia,46,164,ROXANNE
643,201,ROXANNE,Arizona Zervas,pop rap,2019,belgium,46,164,ROXANNE
644,351,ROXANNE,Arizona Zervas,pop rap,2019,canada,46,164,ROXANNE
645,401,ROXANNE,Arizona Zervas,pop rap,2019,germany,46,164,ROXANNE
646,551,ROXANNE,Arizona Zervas,pop rap,2019,spain,46,164,ROXANNE
647,600,ROXANNE,Arizona Zervas,pop rap,2019,usa,46,164,ROXANNE
648,651,ROXANNE,Arizona Zervas,pop rap,2019,france,46,164,ROXANNE
649,701,ROXANNE,Arizona Zervas,pop rap,2019,india,46,164,ROXANNE
650,752,ROXANNE,Arizona Zervas,pop rap,2019,indonesia,46,164,ROXANNE
651,801,ROXANNE,Arizona Zervas,pop rap,2019,israel,46,164,ROXANNE
652,852,ROXANNE,Arizona Zervas,pop rap,2019,italy,46,164,ROXANNE
653,952,ROXANNE,Arizona Zervas,pop rap,2019,malasya,46,164,ROXANNE
654,338,Relógio Parado (Ao Vivo),Diego & Arnaldo,sertanejo,2019,brazil,73,181,Festival Flamenco Gitano
655,698,Reste,Maître Gims,french hip hop,2019,france,69,232,Ceinture noire (Transcendance)
656,158,Ride It,Regard,pop edm,2019,australia,88,158,Ride It
657,211,Ride It,Regard,pop edm,2019,belgium,88,158,Ride It
658,406,Ride It,Regard,pop edm,2019,germany,88,158,Ride It
659,657,Ride It,Regard,pop edm,2019,france,88,158,Ride It
660,13,Rockin' Around The Christmas Tree,Brenda Lee,adult standards,1964,world,90,126,100 Best Christmas Party Songs for Kids (Deluxe Edition)
661,56,Rockin' Around The Christmas Tree,Brenda Lee,adult standards,1964,africa,90,126,100 Best Christmas Party Songs for Kids (Deluxe Edition)
662,159,Rockin' Around The Christmas Tree,Brenda Lee,adult standards,1964,australia,90,126,100 Best Christmas Party Songs for Kids (Deluxe Edition)
663,212,Rockin' Around The Christmas Tree,Brenda Lee,adult standards,1964,belgium,90,126,100 Best Christmas Party Songs for Kids (Deluxe Edition)
664,354,Rockin' Around The Christmas Tree,Brenda Lee,adult standards,1964,canada,90,126,100 Best Christmas Party Songs for Kids (Deluxe Edition)
665,606,Rockin' Around The Christmas Tree,Brenda Lee,adult standards,1964,usa,90,126,100 Best Christmas Party Songs for Kids (Deluxe Edition)
666,857,Rockin' Around The Christmas Tree,Brenda Lee,adult standards,1964,italy,90,126,100 Best Christmas Party Songs for Kids (Deluxe Edition)
667,967,Rockin' Around The Christmas Tree,Brenda Lee,adult standards,1964,malasya,90,126,100 Best Christmas Party Songs for Kids (Deluxe Edition)
668,189,Rockin' Around the Christmas Tree,Brenda Lee,adult standards,1991,australia,83,126,100 Best Christmas Party Songs for Kids (Deluxe Edition)
669,427,Roller,Apache 207,german hip hop,2019,germany,68,157,Roller
670,663,Roses - Imanbek Remix,SAINt JHN,melodic rap,2019,france,90,177,Roses (Imanbek Remix)
671,423,Rudolph The Red-Nosed Reindeer,Dean Martin,adult standards,1959,germany,86,136,Christmas With Nat And Dean
672,588,Rueda,Chimbala,dembow,2019,spain,96,211,Rueda
673,31,Run Rudolph Run - Single Version,Chuck Berry,blues rock,1986,world,96,166,Rock 'N' Roll Rarities
674,172,Run Rudolph Run - Single Version,Chuck Berry,blues rock,1986,australia,96,166,Rock 'N' Roll Rarities
675,372,Run Rudolph Run - Single Version,Chuck Berry,blues rock,1986,canada,96,166,Rock 'N' Roll Rarities
676,625,Run Rudolph Run - Single Version,Chuck Berry,blues rock,1986,usa,96,166,Rock 'N' Roll Rarities
677,322,S de Saudade,Luíza & Maurílio,sertanejo pop,2019,brazil,79,175,"Artist Choice 07. Luiz B, Pt.1"
678,309,SENTADÃO,Pedro Sampaio,baile pop,2019,brazil,92,143,SENTADÃO
679,444,STAR,Nimo,german hip hop,2019,germany,60,162,NIMORIGINAL
680,874,SUPREME - L'ego (feat. tha Supreme & Sfera Ebbasta),Marracash,italian hip hop,2019,italy,51,223,Persona
681,723,Sakhiyaan,Maninder Buttar,desi pop,2018,india,36,179,Sakhiyaan
682,98,Sandton,Kabza De Small,afro house,2019,africa,59,412,The Return Of The Scorpion Kings
683,34,Santa Baby,Ariana Grande,dance pop,2013,world,77,171,Christmas Pop
684,74,Santa Baby,Ariana Grande,dance pop,2013,africa,77,171,Christmas Pop
685,231,Santa Baby,Ariana Grande,dance pop,2013,belgium,77,171,Christmas Pop
686,373,Santa Baby,Ariana Grande,dance pop,2013,canada,77,171,Christmas Pop
687,627,Santa Baby,Ariana Grande,dance pop,2013,usa,77,171,Christmas Pop
688,647,Santa Baby (with Henri René & His Orchestra),Eartha Kitt,adult standards,2002,usa,49,206,Easter Dance
689,883,Santa Claus Is Comin' to Town,Frank Sinatra,adult standards,1994,italy,69,155,Christmas Songs by Sinatra
690,36,"Santa Claus Is Comin' to Town - Live at C.W. Post College, Greenvale, NY - December 1975",Bruce Springsteen,heartland rock,1981,world,41,268,Santa Claus Is Comin' To Town
691,75,"Santa Claus Is Comin' to Town - Live at C.W. Post College, Greenvale, NY - December 1975",Bruce Springsteen,heartland rock,1981,africa,41,268,Santa Claus Is Comin' To Town
692,232,"Santa Claus Is Comin' to Town - Live at C.W. Post College, Greenvale, NY - December 1975",Bruce Springsteen,heartland rock,1981,belgium,41,268,Santa Claus Is Comin' To Town
693,378,"Santa Claus Is Comin' to Town - Live at C.W. Post College, Greenvale, NY - December 1975",Bruce Springsteen,heartland rock,1981,canada,41,268,Santa Claus Is Comin' To Town
694,866,"Santa Claus Is Comin' to Town - Live at C.W. Post College, Greenvale, NY - December 1975",Bruce Springsteen,heartland rock,1981,italy,41,268,Santa Claus Is Comin' To Town
701,48,Santa Claus Is Coming to Town,Michael Bublé,adult standards,2011,world,42,172,Christmas (Deluxe Special Edition)
702,86,Santa Claus Is Coming to Town,Michael Bublé,adult standards,2011,africa,42,172,Christmas (Deluxe Special Edition)
703,194,Santa Claus Is Coming to Town,Michael Bublé,adult standards,2011,australia,42,172,Christmas (Deluxe Special Edition)
704,246,Santa Claus Is Coming to Town,Michael Bublé,adult standards,2011,belgium,42,172,Christmas (Deluxe Special Edition)
705,397,Santa Claus Is Coming to Town,Michael Bublé,adult standards,2011,canada,42,172,Christmas (Deluxe Special Edition)
706,894,Santa Claus Is Coming to Town,Michael Bublé,adult standards,2011,italy,42,172,Christmas (Deluxe Special Edition)
707,546,Santa Claus Llegó a La Ciudad,Luis Miguel,bolero,2006,chile,72,116,Navidades Luis Miguel
708,12,Santa Tell Me,Ariana Grande,dance pop,2014,world,59,204,Santa Tell Me
709,55,Santa Tell Me,Ariana Grande,dance pop,2014,africa,59,204,Santa Tell Me
710,157,Santa Tell Me,Ariana Grande,dance pop,2014,australia,59,204,Santa Tell Me
711,210,Santa Tell Me,Ariana Grande,dance pop,2014,belgium,59,204,Santa Tell Me
712,353,Santa Tell Me,Ariana Grande,dance pop,2014,canada,59,204,Santa Tell Me
713,405,Santa Tell Me,Ariana Grande,dance pop,2014,germany,59,204,Santa Tell Me
714,555,Santa Tell Me,Ariana Grande,dance pop,2014,spain,59,204,Santa Tell Me
715,604,Santa Tell Me,Ariana Grande,dance pop,2014,usa,59,204,Santa Tell Me
716,856,Santa Tell Me,Ariana Grande,dance pop,2014,italy,59,204,Santa Tell Me
717,902,Santa Tell Me,Ariana Grande,dance pop,2014,japan,59,204,Santa Tell Me
718,963,Santa Tell Me,Ariana Grande,dance pop,2014,malasya,59,204,Santa Tell Me
719,741,Sauda Khara Khara,Diljit Dosanjh,desi pop,2019,india,88,211,Good Newwz
720,941,Sayonara Elegy,Masaki Suda,anime rock,2018,japan,62,257,Sayonara Elegy
721,336,Se Prepara 2,Mc Livinho,funk carioca,2019,brazil,36,147,Se Prepara 2
722,594,Se iluminaba,Fred De Palma,italian arena pop,2019,spain,62,174,Uebe
723,797,Secukupnya,Hindia,indonesian indie,2019,indonesia,93,205,Secukupnya
725,317,Sentou e Gostou,MC JottaPê,funk carioca,2019,brazil,72,163,Sentou e Gostou
726,323,Serenata - Ao Vivo,Marília Mendonça,sertanejo,2019,brazil,74,156,"Todos Os Cantos, Vol. 2 (ao Vivo)"
727,24,Señorita,Shawn Mendes,canadian pop,2019,world,75,191,Señorita
728,67,Señorita,Shawn Mendes,canadian pop,2019,africa,75,191,Señorita
729,118,Señorita,Shawn Mendes,canadian pop,2019,argentina,75,191,Señorita
730,223,Señorita,Shawn Mendes,canadian pop,2019,belgium,75,191,Señorita
731,270,Señorita,Shawn Mendes,canadian pop,2019,bolivia,75,191,Señorita
732,467,Señorita,Shawn Mendes,canadian pop,2019,colombia,75,191,Señorita
733,660,Señorita,Shawn Mendes,canadian pop,2019,france,75,191,Señorita
734,710,Señorita,Shawn Mendes,canadian pop,2019,india,75,191,Señorita
735,759,Señorita,Shawn Mendes,canadian pop,2019,indonesia,75,191,Señorita
736,815,Señorita,Shawn Mendes,canadian pop,2019,israel,75,191,Señorita
737,976,Señorita,Shawn Mendes,canadian pop,2019,malasya,75,191,Señorita
739,905,Shape of You,Ed Sheeran,pop,2017,japan,93,234,Shape of You
740,938,Shukumei,Official HIGE DANdism,anime rock,2019,japan,49,281,Traveler
741,525,Si Se Da - Remix,Myke Towers,latin,2019,chile,77,332,Si Se da Remix
742,538,Si Supieras,Daddy Yankee,latin,2019,chile,62,242,Si Supieras
743,113,Si Te Vas,Sech,panamanian pop,2019,argentina,55,205,Si Te Vas
744,264,Si Te Vas,Sech,panamanian pop,2019,bolivia,55,205,Si Te Vas
745,464,Si Te Vas,Sech,panamanian pop,2019,colombia,55,205,Si Te Vas
746,515,Si Te Vas,Sech,panamanian pop,2019,chile,55,205,Si Te Vas
747,565,Si Te Vas,Sech,panamanian pop,2019,spain,55,205,Si Te Vas
748,596,Si por mi fuera,Beret,spanish hip hop,2019,spain,88,209,Si por mi fuera
749,131,Sigues Con El,Dimelo Flow,latin,2019,argentina,68,227,Sigues Con El
750,288,Sigues Con El,Dimelo Flow,latin,2019,bolivia,68,227,Sigues Con El
751,476,Sigues Con El,Dimelo Flow,latin,2019,colombia,68,227,Sigues Con El
752,531,Sigues Con El,Dimelo Flow,latin,2019,chile,68,227,Sigues Con El
753,581,Sigues Con El,Dimelo Flow,latin,2019,spain,68,227,Sigues Con El
754,449,Skifahren,The Cratez,german hip hop,2019,germany,44,163,Skifahren
755,47,Sleigh Ride,The Ronettes,adult standards,2019,world,85,181,A Christmas Gift For You From Phil Spector
756,85,Sleigh Ride,The Ronettes,adult standards,2019,africa,85,181,A Christmas Gift For You From Phil Spector
757,191,Sleigh Ride,The Ronettes,adult standards,2019,australia,85,181,A Christmas Gift For You From Phil Spector
758,245,Sleigh Ride,The Ronettes,adult standards,2019,belgium,85,181,A Christmas Gift For You From Phil Spector
759,396,Sleigh Ride,The Ronettes,adult standards,2019,canada,85,181,A Christmas Gift For You From Phil Spector
760,646,Sleigh Ride,The Ronettes,adult standards,2019,usa,85,181,A Christmas Gift For You From Phil Spector
761,767,So Am I,Ava Max,dance pop,2019,indonesia,61,183,So Am I
763,339,Solteiro Não Trai - Ao Vivo,Gustavo Mioto,sertanejo,2018,brazil,60,187,Solteiro Não Trai (Ao Vivo)
764,133,Soltera - Remix,Lunay,latin,2019,argentina,80,266,Soltera (Remix)
765,293,Soltera - Remix,Lunay,latin,2019,bolivia,80,266,Soltera (Remix)
766,478,Soltera - Remix,Lunay,latin,2019,colombia,80,266,Soltera (Remix)
767,540,Soltera - Remix,Lunay,latin,2019,chile,80,266,Soltera (Remix)
768,306,Some que ele vem atrás,Anitta,baile pop,2019,brazil,60,195,Some que ele vem atrás
769,11,Someone You Loved,Lewis Capaldi,pop,2019,world,45,182,Breach
770,208,Someone You Loved,Lewis Capaldi,pop,2019,belgium,45,182,Breach
771,755,Someone You Loved,Lewis Capaldi,pop,2019,indonesia,45,182,Breach
772,808,Someone You Loved,Lewis Capaldi,pop,2019,israel,45,182,Breach
773,959,Someone You Loved,Lewis Capaldi,pop,2019,malasya,45,182,Breach
774,499,Sorbito De Champagne - Digitally Remastered Original,Pastor Lopez,cumbia,2006,colombia,70,211,Sus Más Grandes Éxitos
775,143,Soy Sabalero,Los Palmeras,argentine rock,2019,argentina,85,180,Soy Sabalero (Single)
776,798,Speechless (Full),Naomi Scott,hollywood,2019,indonesia,23,209,Aladdin (Original Motion Picture Soundtrack)
777,944,Stand By You,Official HIGE DANdism,anime rock,2019,japan,63,256,Stand By You
778,32,Step Into Christmas,Elton John,glam rock,1973,world,82,272,Caribou
779,171,Step Into Christmas,Elton John,glam rock,1973,australia,82,272,Caribou
780,375,Step Into Christmas,Elton John,glam rock,1973,canada,82,272,Caribou
781,418,Step Into Christmas,Elton John,glam rock,1973,germany,82,272,Caribou
782,682,Street,Maes,french hip hop,2019,france,49,185,Les derniers salopards
783,95,Sukendleleni,Jobe London,afro house,2019,africa,24,415,Sukendleleni (feat. Kamo Manje)
784,712,Sunflower - Spider-Man: Into the Spider-Verse,Post Malone,dfw rap,2019,india,93,158,Spider-Man: Into the Spider-Verse (Soundtrack From & Inspired by the Motion Picture)
785,979,Sunflower - Spider-Man: Into the Spider-Verse,Post Malone,dfw rap,2019,malasya,93,158,Spider-Man: Into the Spider-Verse (Soundtrack From & Inspired by the Motion Picture)
786,303,Supera - Ao Vivo,Marília Mendonça,sertanejo,2019,brazil,66,148,"Todos Os Cantos, Vol. 3 (ao Vivo)"
788,487,Tabaco y Ron,Rodolfo Aicardi,classic colombian pop,2012,colombia,96,243,Muy Tropical y Bailable - 16 Exitos
789,799,Tak Ingin Pisah Lagi,Marion Jola,indonesian pop,2019,indonesia,34,266,Tak Ingin Pisah Lagi
790,768,Takeaway,The Chainsmokers,electropop,2019,indonesia,35,210,World War Joy...Takeaway
791,990,Takeaway,The Chainsmokers,electropop,2019,malasya,35,210,World War Joy...Takeaway
792,134,Tal Vez,Paulo Londra,argentine hip hop,2019,argentina,74,264,Tal Vez
793,294,Tal Vez,Paulo Londra,argentine hip hop,2019,bolivia,74,264,Tal Vez
794,779,Tanpa Tergesa,Juicy Luicy,indonesian pop,2018,indonesia,45,218,Tanpa Tergesa
795,575,Te Quemaste,Manuel Turizo,colombian pop,2019,spain,72,199,ADN
796,283,Te Vi,Piso 21,colombian pop,2018,bolivia,71,232,Te Vi
797,948,Teenager Forever,King Gnu,j-pop,2019,japan,70,189,Teenager Forever
798,88,Tender Love (feat. DJ Maphorisa & Kabza De Small),Sha Sha,afro house,2019,africa,45,444,Grease (The Original Motion Picture Soundtrack)
800,188,Thank God It's Christmas - Non-Album Single,Queen,glam rock,1984,australia,34,262,The Platinum Collection (2011 Remaster)
801,431,Thank God It's Christmas - Non-Album Single,Queen,glam rock,1984,germany,34,262,The Platinum Collection (2011 Remaster)
802,442,The Best Side Of Life,Sarah Connor,german pop,2006,germany,55,229,Christmas In My Heart
803,365,The Box,Roddy Ricch,melodic rap,2019,canada,64,197,Please Excuse Me For Being Antisocial
804,617,The Box,Roddy Ricch,melodic rap,2019,usa,64,197,Please Excuse Me For Being Antisocial
805,20,The Christmas Song (Merry Christmas To You),Nat King Cole,adult standards,1962,world,21,192,The Nat King Cole Story
806,63,The Christmas Song (Merry Christmas To You),Nat King Cole,adult standards,1962,africa,21,192,The Nat King Cole Story
807,166,The Christmas Song (Merry Christmas To You),Nat King Cole,adult standards,1962,australia,21,192,The Nat King Cole Story
808,220,The Christmas Song (Merry Christmas To You),Nat King Cole,adult standards,1962,belgium,21,192,The Nat King Cole Story
809,361,The Christmas Song (Merry Christmas To You),Nat King Cole,adult standards,1962,canada,21,192,The Nat King Cole Story
810,615,The Christmas Song (Merry Christmas To You),Nat King Cole,adult standards,1962,usa,21,192,The Nat King Cole Story
811,249,This Christmas,Donny Hathaway,chicago soul,1971,belgium,68,231,A Donny Hathaway Collection
812,649,This Christmas,Donny Hathaway,chicago soul,1971,usa,68,231,A Donny Hathaway Collection
813,876,Ti volevo dedicare (feat. J-AX & Boomdabash),Rocco Hunt,italian hip hop,2019,italy,27,208,Libertà
814,310,Tijolão - Ao Vivo,Jorge & Mateus,sertanejo,2019,brazil,69,175,Caipirinha
815,349,Tiro Certo - Ao Vivo,Zé Felipe,funk carioca,2019,brazil,69,179,"Zé Felipe, Vol. 1 (ao Vivo)"
816,333,To Voando Alto,Mc Poze do Rodo,funk carioca,2019,brazil,80,137,To Voando Alto
817,324,Todo Mundo Vai Sofrer - Ao Vivo,Marília Mendonça,sertanejo,2019,brazil,58,155,"Todos Os Cantos, Vol. 2 (ao Vivo)"
819,483,Traicionera,Pastor Lopez,cumbia,2012,colombia,96,215,"Siempre en Diciembre, Vol. 4"
826,917,Turning Up,ARASHI,j-pop,2019,japan,90,183,Turning Up (R3HAB Remix)
827,9,Tusa,KAROL G,latin,2019,world,57,201,Tusa
828,102,Tusa,KAROL G,latin,2019,argentina,57,201,Tusa
829,253,Tusa,KAROL G,latin,2019,bolivia,57,201,Tusa
830,452,Tusa,KAROL G,latin,2019,colombia,57,201,Tusa
831,503,Tusa,KAROL G,latin,2019,chile,57,201,Tusa
832,554,Tusa,KAROL G,latin,2019,spain,57,201,Tusa
833,891,Tutto Questo Sei Tu,Ultimo,italian pop,2019,italy,42,245,Tutto Questo Sei Tu
834,111,Tutu,Camilo,colombian pop,2019,argentina,94,179,Tutu
835,263,Tutu,Camilo,colombian pop,2019,bolivia,94,179,Tutu
836,463,Tutu,Camilo,colombian pop,2019,colombia,94,179,Tutu
837,516,Tutu,Camilo,colombian pop,2019,chile,94,179,Tutu
838,942,Umbrella,King Gnu,j-pop,2019,japan,70,202,Ceremony
839,92,Umlilo,DJ Zinhle,kwaito,2019,africa,62,237,Umlilo
841,677,Un peu de haine,PLK,french hip hop,2019,france,42,168,Mental
842,145,Una Cerveza,Rafaga,cumbia chilena,2016,argentina,76,241,Una Cerveza
843,292,Una Vida Para Recordar,Piso 21,colombian pop,2019,bolivia,48,215,Una Vida Para Recordar
844,892,Una volta ancora (feat. Ana Mena),Fred De Palma,italian arena pop,2019,italy,59,174,Uebe
845,25,Underneath the Tree,Kelly Clarkson,dance pop,2013,world,69,230,Wrapped In Red
846,68,Underneath the Tree,Kelly Clarkson,dance pop,2013,africa,69,230,Wrapped In Red
847,169,Underneath the Tree,Kelly Clarkson,dance pop,2013,australia,69,230,Wrapped In Red
848,224,Underneath the Tree,Kelly Clarkson,dance pop,2013,belgium,69,230,Wrapped In Red
849,366,Underneath the Tree,Kelly Clarkson,dance pop,2013,canada,69,230,Wrapped In Red
850,414,Underneath the Tree,Kelly Clarkson,dance pop,2013,germany,69,230,Wrapped In Red
851,621,Underneath the Tree,Kelly Clarkson,dance pop,2013,usa,69,230,Wrapped In Red
852,865,Underneath the Tree,Kelly Clarkson,dance pop,2013,italy,69,230,Wrapped In Red
853,904,Underneath the Tree,Kelly Clarkson,dance pop,2013,japan,69,230,Wrapped In Red
854,820,Unfaithful,Dennis Lloyd,israeli pop,2019,israel,42,141,Unfaithful
857,849,Ve'Eem Tavo'ee Elay (And If You Will Come To Me),Idan Raichel,classic israeli pop,2019,israel,23,213,And If You Will Come To Me
858,325,Verdinha,Ludmilla,baile pop,2019,brazil,63,160,Verdinha
859,528,Verte Ir,DJ Luian,latin,2019,chile,55,268,Verte Ir
860,104,Vete,Bad Bunny,latin,2019,argentina,53,192,Vete
861,254,Vete,Bad Bunny,latin,2019,bolivia,53,192,Vete
862,454,Vete,Bad Bunny,latin,2019,colombia,53,192,Vete
863,504,Vete,Bad Bunny,latin,2019,chile,53,192,Vete
864,556,Vete,Bad Bunny,latin,2019,spain,53,192,Vete
865,446,Vor der Tür,Gzuz,deep german hip hop,2019,germany,20,171,Gzuz
866,332,Vou Ter Que Superar - Ao Vivo,Matheus & Kauan,pop nacional,2019,brazil,42,189,Ninety9lives 95: Another Castle
867,91,Vula Vala,DJ Maphorisa,afro house,2019,africa,14,374,Scorpion Kings
868,496,Víspera de Año Nuevo,Guillermo Buitrago,classic colombian pop,2012,colombia,98,150,"Siempre en Diciembre, Vol. 4"
869,777,Waktu Yang Salah,Fiersa Besari,indonesian indie,2014,indonesia,30,326,Tempat Aku Pulang
871,985,Watermelon Sugar,Harry Styles,dance pop,2019,malasya,56,174,Fine Line
872,772,Way Back Home (feat. Conor Maynard) - Sam Feldt Edit,SHAUN,k-pop,2018,indonesia,45,192,Way Back Home (feat. Conor Maynard) (Sam Feldt Edit)
873,187,What Christmas Means To Me,Stevie Wonder,adult standards,1967,australia,82,147,Someday At Christmas
874,393,What Christmas Means To Me,Stevie Wonder,adult standards,1967,canada,82,147,Someday At Christmas
876,110,Whine Up,Nicky Jam,latin,2019,argentina,66,215,Intimo
877,261,Whine Up,Nicky Jam,latin,2019,bolivia,66,215,Intimo
878,459,Whine Up,Nicky Jam,latin,2019,colombia,66,215,Intimo
879,511,Whine Up,Nicky Jam,latin,2019,chile,66,215,Intimo
880,561,Whine Up,Nicky Jam,latin,2019,spain,66,215,Intimo
881,21,White Christmas,Bing Crosby,adult standards,1942,world,25,177,Easter on the Catwalk
882,64,White Christmas,Bing Crosby,adult standards,1942,africa,25,177,Easter on the Catwalk
883,165,White Christmas,Bing Crosby,adult standards,1942,australia,25,177,Easter on the Catwalk
884,219,White Christmas,Bing Crosby,adult standards,1942,belgium,25,177,Easter on the Catwalk
885,362,White Christmas,Bing Crosby,adult standards,1942,canada,25,177,Easter on the Catwalk
886,616,White Christmas,Bing Crosby,adult standards,1942,usa,25,177,Easter on the Catwalk
887,195,White Christmas (with Shania Twain),Michael Bublé,adult standards,2011,australia,64,218,Christmas (Deluxe Special Edition)
888,435,Wieso tust Du dir das an?,Apache 207,german hip hop,2019,germany,46,176,Wieso tust Du dir das an?
889,179,Winter Wonderland,Tony Bennett,adult standards,1968,australia,63,134,Jingle Bell Swing
890,382,Winter Wonderland,Tony Bennett,adult standards,1968,canada,63,134,Jingle Bell Swing
891,637,Winter Wonderland - Remastered 2006,Bing Crosby,adult standards,2006,usa,54,144,Bing Crosby - Christmas Classics
893,19,Wonderful Christmastime - Edited Version / Remastered 2011,Paul McCartney,album rock,1980,world,77,228,McCartney II
894,62,Wonderful Christmastime - Edited Version / Remastered 2011,Paul McCartney,album rock,1980,africa,77,228,McCartney II
895,218,Wonderful Christmastime - Edited Version / Remastered 2011,Paul McCartney,album rock,1980,belgium,77,228,McCartney II
896,360,Wonderful Christmastime - Edited Version / Remastered 2011,Paul McCartney,album rock,1980,canada,77,228,McCartney II
897,411,Wonderful Christmastime - Edited Version / Remastered 2011,Paul McCartney,album rock,1980,germany,77,228,McCartney II
898,613,Wonderful Christmastime - Edited Version / Remastered 2011,Paul McCartney,album rock,1980,usa,77,228,McCartney II
899,863,Wonderful Christmastime - Edited Version / Remastered 2011,Paul McCartney,album rock,1980,italy,77,228,McCartney II
900,433,Wonderful Dream (Holidays Are Coming) - Radio Version,Melanie Thornton,Other,2001,germany,52,232,Ready To Fly
901,136,Ya No Mas,Fer Palacio,Other,2019,argentina,88,158,Ya No Más
903,937,Yesterday,Official HIGE DANdism,anime rock,2019,japan,56,299,Traveler
904,115,"Yo x Ti, Tu x Mi",ROSALÍA,r&b en espanol,2019,argentina,58,201,"Yo x Ti, Tu x Mi"
905,268,"Yo x Ti, Tu x Mi",ROSALÍA,r&b en espanol,2019,bolivia,58,201,"Yo x Ti, Tu x Mi"
906,517,"Yo x Ti, Tu x Mi",ROSALÍA,r&b en espanol,2019,chile,58,201,"Yo x Ti, Tu x Mi"
907,564,"Yo x Ti, Tu x Mi",ROSALÍA,r&b en espanol,2019,spain,58,201,"Yo x Ti, Tu x Mi"
909,592,Zorra,Bad Gyal,rap catalan,2019,spain,74,186,Zorra
910,209,bad guy,Billie Eilish,electropop,2019,belgium,56,194,"WHEN WE ALL FALL ASLEEP, WHERE DO WE GO?"
911,705,bad guy,Billie Eilish,electropop,2019,india,56,194,"WHEN WE ALL FALL ASLEEP, WHERE DO WE GO?"
912,807,bad guy,Billie Eilish,electropop,2019,israel,56,194,"WHEN WE ALL FALL ASLEEP, WHERE DO WE GO?"
913,901,bad guy,Billie Eilish,electropop,2019,japan,56,194,"WHEN WE ALL FALL ASLEEP, WHERE DO WE GO?"
914,962,bad guy,Billie Eilish,electropop,2019,malasya,56,194,"WHEN WE ALL FALL ASLEEP, WHERE DO WE GO?"
915,875,blun7 a swishland,tha Supreme,trap italiana,2019,italy,57,168,blun7 a swishland
916,893,ch1 5ei te,tha Supreme,trap italiana,2019,italy,32,184,23 6451
917,326,choque térmico - ao vivo,Luan Santana,funk carioca,2019,brazil,73,180,VIVA (Ao Vivo)
918,762,comethru,Jeremy Zucker,pop,2018,indonesia,61,182,"summer,"
919,987,comethru,Jeremy Zucker,pop,2018,malasya,61,182,"summer,"
920,5,everything i wanted,Billie Eilish,electropop,2019,world,24,245,everything i wanted
921,205,everything i wanted,Billie Eilish,electropop,2019,belgium,24,245,everything i wanted
922,804,everything i wanted,Billie Eilish,electropop,2019,israel,24,245,everything i wanted
923,955,everything i wanted,Billie Eilish,electropop,2019,malasya,24,245,everything i wanted
924,871,fuck 3x,tha Supreme,trap italiana,2019,italy,69,161,23 6451
925,706,hot girl bummer,blackbear,pop,2019,india,68,185,hot girl bummer
926,960,hot girl bummer,blackbear,pop,2019,malasya,68,185,hot girl bummer
927,774,lowkey,NIKI,indie r&b,2019,indonesia,23,171,lowkey
929,898,m8nstar,tha Supreme,trap italiana,2019,italy,44,165,23 6451
930,319,menina solta,Giulia Be,pop nacional,2019,brazil,67,150,menina solta
932,344,quando a bad bater - ao vivo,Luan Santana,funk carioca,2019,brazil,53,180,quando a bad bater (ao vivo)
934,341,Áudio - Ao Vivo em Brasília,Diego & Victor Hugo,sertanejo pop,2019,brazil,45,190,Festival Flamenco Gitano
