,title,artist,top genre,year,country,val,dur
757,"10,000 Hours (with Justin Bieber)",Dan + Shay,contemporary country,2019,indonesia,43,168
966,"10,000 Hours (with Justin Bieber)",Dan + Shay,contemporary country,2019,malasya,43,168
776,100 Degrees,Rich Brian,indonesian hip hop,2019,indonesia,66,166
532,105 F Remix,KEVVO,perreo,2019,chile,74,464
584,105 F Remix,KEVVO,perreo,2019,spain,74,464
434,200 km/h,Apache 207,german hip hop,2019,germany,41,163
190,2000 Miles - 2007 Remaster,Pretenders,album rock,1984,australia,45,220
313,3 Batidas - Ao Vivo,Guilherme & Benuto,sertanejo pop,2019,brazil,53,157
813,7 rings,Ariana Grande,dance pop,2019,israel,33,179
198,8 Days of Christmas,Destiny's Child,dance pop,1999,australia,64,210
727,8 Parche,Baani Sandhu,punjabi pop,2019,india,73,210
686,93% [Tijuana],GLK,francoton,2019,france,80,223
328,A Culpa é do Meu Grau (feat. Zé Neto & Cristiano) - Ao Vivo em Brasília,Diego & Victor Hugo,sertanejo pop,2019,brazil,63,183
590,A Dónde Vamos,Morat,colombian pop,2019,spain,96,203
337,A Gente Fez Amor - Ao Vivo,Gusttavo Lima,sertanejo universitario,2019,brazil,83,238
43,A Holly Jolly Christmas - Single Version,Burl Ives,adult standards,1998,world,86,133
81,A Holly Jolly Christmas - Single Version,Burl Ives,adult standards,1998,africa,86,133
182,A Holly Jolly Christmas - Single Version,Burl Ives,adult standards,1998,australia,86,133
241,A Holly Jolly Christmas - Single Version,Burl Ives,adult standards,1998,belgium,86,133
388,A Holly Jolly Christmas - Single Version,Burl Ives,adult standards,1998,canada,86,133
636,A Holly Jolly Christmas - Single Version,Burl Ives,adult standards,1998,usa,86,133
897,ANSIA NO,FSK SATELLITE,italian hip hop,2019,italy,71,149
298,Adan y Eva,Paulo Londra,argentine hip hop,2019,bolivia,72,257
107,Adicto (with Anuel AA & Ozuna),Tainy,pop reggaeton,2019,argentina,62,271
259,Adicto (with Anuel AA & Ozuna),Tainy,pop reggaeton,2019,bolivia,62,271
458,Adicto (with Anuel AA & Ozuna),Tainy,pop reggaeton,2019,colombia,62,271
508,Adicto (with Anuel AA & Ozuna),Tainy,pop reggaeton,2019,chile,62,271
559,Adicto (with Anuel AA & Ozuna),Tainy,pop reggaeton,2019,spain,62,271
485,Adonay,Rodolfo Aicardi,classic colombian pop,2014,colombia,97,187
175,Adore You,Harry Styles,dance pop,2019,australia,57,207
983,Adore You,Harry Styles,dance pop,2019,malasya,57,207
782,Adu Rayu,Yovie Widianto,indonesian pop,2019,indonesia,22,208
97,Akulaleki,Samthing Soweto,afro house,2019,africa,34,382
330,Algo Mais (Amante) - Ao Vivo,Xand Avião,funk carioca,2019,brazil,67,232
479,Alguien Me Gusta,Andy Rivera,latin,2019,colombia,81,169
548,Algún Día Volveras,Santaferia,cumbia chilena,2018,chile,69,254
432,Alien,RIN,german cloud rap,2019,germany,85,209
4,All I Want for Christmas Is You,Mariah Carey,dance pop,1994,world,35,241
54,All I Want for Christmas Is You,Mariah Carey,dance pop,1994,africa,35,241
154,All I Want for Christmas Is You,Mariah Carey,dance pop,1994,australia,35,241
204,All I Want for Christmas Is You,Mariah Carey,dance pop,1994,belgium,35,241
251,All I Want for Christmas Is You,Mariah Carey,dance pop,1994,bolivia,35,241
352,All I Want for Christmas Is You,Mariah Carey,dance pop,1994,canada,35,241
402,All I Want for Christmas Is You,Mariah Carey,dance pop,1994,germany,35,241
501,All I Want for Christmas Is You,Mariah Carey,dance pop,1994,chile,35,241
552,All I Want for Christmas Is You,Mariah Carey,dance pop,1994,spain,35,241
602,All I Want for Christmas Is You,Mariah Carey,dance pop,1994,usa,35,241
653,All I Want for Christmas Is You,Mariah Carey,dance pop,1994,france,35,241
853,All I Want for Christmas Is You,Mariah Carey,dance pop,1994,italy,35,241
900,All I Want for Christmas Is You,Mariah Carey,dance pop,1994,japan,35,241
954,All I Want for Christmas Is You,Mariah Carey,dance pop,1994,malasya,35,241
578,Alocao (With Bad Gyal),Omar Montes,trap espanol,2019,spain,70,209
291,Amor a Primera Vista,Los Angeles Azules,grupera,2019,bolivia,95,221
787,April,Fiersa Besari,indonesian indie,2014,indonesia,57,264
683,Aristocrate,Heuss L'enfoiré,french hip hop,2019,france,63,170
289,Atrévete,Nicky Jam,latin,2019,bolivia,59,198
688,Avant toi,Vitaa,francoton,2019,france,25,224
114,Aventura,Lunay,latin,2019,argentina,88,217
267,Aventura,Lunay,latin,2019,bolivia,88,217
465,Aventura,Lunay,latin,2019,colombia,88,217
513,Aventura,Lunay,latin,2019,chile,88,217
563,Aventura,Lunay,latin,2019,spain,88,217
488,Aventurero,Yeison Jimenez,colombian pop,2019,colombia,90,190
412,Ayy Macarena,Tyga,pop rap,2019,germany,72,132
864,Ayy Macarena,Tyga,pop rap,2019,italy,72,132
334,Aí Eu Bebo - Ao Vivo,Maiara & Maraisa,sertanejo universitario,2019,brazil,85,174
533,B11 (feat. Myke Towers),Rvssian,latin,2019,chile,20,252
582,B11 (feat. Myke Towers),Rvssian,latin,2019,spain,20,252
611,BOP,DaBaby,nc hip hop,2019,usa,84,160
885,BRAVI A CADERE - I polmoni,Marracash,italian hip hop,2019,italy,28,200
185,Baby It's Cold Outside (duet with Michael Bublé),Idina Menzel,hollywood,2014,australia,56,166
383,"Baby, It's Cold Outside",Brett Eldredge,contemporary country,2016,canada,68,174
394,"Baby, It's Cold Outside",Dean Martin,adult standards,1959,canada,54,144
643,"Baby, It's Cold Outside",Dean Martin,adult standards,1959,usa,54,144
674,Baianá,Bakermat,deep euro house,2019,france,49,182
605,Bandit (with YoungBoy Never Broke Again),Juice WRLD,chicago rap,2019,usa,43,189
886,Barrio,Mahmood,italian arena pop,2019,italy,57,165
76,Beautiful People (feat. Khalid),Ed Sheeran,pop,2019,africa,55,198
763,Beautiful People (feat. Khalid),Ed Sheeran,pop,2019,indonesia,55,198
816,Beautiful People (feat. Khalid),Ed Sheeran,pop,2019,israel,55,198
986,Beautiful People (feat. Khalid),Ed Sheeran,pop,2019,malasya,55,198
321,Bebi Liguei - Ao Vivo,Marília Mendonça,sertanejo,2019,brazil,68,160
346,Bebi Minha Bicicleta (Coração Falido) - Ao Vivo,Zé Neto & Cristiano,sertanejo universitario,2019,brazil,47,182
992,Before You Go,Lewis Capaldi,pop,2019,malasya,18,215
725,"Bekhayali (From ""Kabir Singh"")",Sachet Tandon,desi pop,2019,india,35,372
711,Believer,Imagine Dragons,modern rock,2017,india,67,204
287,Bellaquita,Dalex,latin,2019,bolivia,77,205
125,Bellaquita - Remix,Dalex,latin,2019,argentina,76,305
278,Bellaquita - Remix,Dalex,latin,2019,bolivia,76,305
475,Bellaquita - Remix,Dalex,latin,2019,colombia,76,305
523,Bellaquita - Remix,Dalex,latin,2019,chile,76,305
573,Bellaquita - Remix,Dalex,latin,2019,spain,76,305
793,Bicara (feat. Monita Tahalea),TheOvertunes,indonesian pop,2019,indonesia,37,236
549,Blanca Navidad,Luis Miguel,bolero,2006,chile,18,212
127,Blanco,J Balvin,latin,2019,argentina,59,146
280,Blanco,J Balvin,latin,2019,bolivia,59,146
472,Blanco,J Balvin,latin,2019,colombia,59,146
572,Blanco,J Balvin,latin,2019,spain,59,146
10,Blinding Lights,The Weeknd,canadian contemporary r&b,2019,world,35,202
207,Blinding Lights,The Weeknd,canadian contemporary r&b,2019,belgium,35,202
404,Blinding Lights,The Weeknd,canadian contemporary r&b,2019,germany,35,202
656,Blinding Lights,The Weeknd,canadian contemporary r&b,2019,france,35,202
704,Blinding Lights,The Weeknd,canadian contemporary r&b,2019,india,35,202
810,Blinding Lights,The Weeknd,canadian contemporary r&b,2019,israel,35,202
961,Blinding Lights,The Weeknd,canadian contemporary r&b,2019,malasya,35,202
694,Block,Larry,french hip hop,2019,france,71,157
30,Blue Christmas,Elvis Presley,adult standards,1957,world,58,129
73,Blue Christmas,Elvis Presley,adult standards,1957,africa,58,129
174,Blue Christmas,Elvis Presley,adult standards,1957,australia,58,129
229,Blue Christmas,Elvis Presley,adult standards,1957,belgium,58,129
371,Blue Christmas,Elvis Presley,adult standards,1957,canada,58,129
624,Blue Christmas,Elvis Presley,adult standards,1957,usa,58,129
884,Bossoli,Shiva,italian hip hop,2019,italy,80,179
761,Boy With Luv (feat. Halsey),BTS,k-pop,2019,indonesia,80,230
984,Boy With Luv (feat. Halsey),BTS,k-pop,2019,malasya,80,230
676,Bâtiment,Niska,french hip hop,2019,france,65,211
139,C90 - Remix,John C,argentine hip hop,2019,argentina,61,316
138,CANGURO,WOS,argentine indie,2019,argentina,93,197
890,"CHARLES MANSON (BUON NATALE2) (feat. Lazza) - feat. Dani Faiv, Nitro",Salmo,italian hip hop,2019,italy,48,258
425,COLT,Samra,german hip hop,2019,germany,18,180
877,CRUDELIA - I nervi,Marracash,italian hip hop,2019,italy,7,231
108,Callaita,Bad Bunny,latin,2019,argentina,24,251
258,Callaita,Bad Bunny,latin,2019,bolivia,24,251
457,Callaita,Bad Bunny,latin,2019,colombia,24,251
509,Callaita,Bad Bunny,latin,2019,chile,24,251
560,Callaita,Bad Bunny,latin,2019,spain,24,251
126,Calma - Remix,Pedro Capó,latin,2018,argentina,76,238
766,Can We Kiss Forever?,Kina,pop,2018,indonesia,12,188
491,Cariñito,Rodolfo Aicardi,classic colombian pop,2012,colombia,95,227
635,Carol of the Bells,Mykola Dmytrovych Leontovych,post-romantic era,1990,usa,80,85
347,Carreira Solo - Ao Vivo,Gusttavo Lima,sertanejo universitario,2019,brazil,92,216
778,Celengan Rindu,Fiersa Besari,indonesian indie,2014,indonesia,66,224
729,Chal Bombay,DIVINE,desi hip hop,2019,india,51,174
312,Chama Ela (feat. Pedro Sampaio),Lexa,baile pop,2019,brazil,96,120
739,Chandigarh Mein,Badshah,desi hip hop,2019,india,34,205
304,Cheirosa - Ao Vivo,Jorge & Mateus,sertanejo,2019,brazil,71,182
882,Chiasso,Random,italian hip hop,2019,italy,46,182
103,China,Anuel AA,latin,2019,argentina,61,302
255,China,Anuel AA,latin,2019,bolivia,61,302
453,China,Anuel AA,latin,2019,colombia,61,302
505,China,Anuel AA,latin,2019,chile,61,302
557,China,Anuel AA,latin,2019,spain,61,302
46,Christmas (Baby Please Come Home),Darlene Love,adult standards,2019,world,36,166
83,Christmas (Baby Please Come Home),Darlene Love,adult standards,2019,africa,36,166
243,Christmas (Baby Please Come Home),Darlene Love,adult standards,2019,belgium,36,166
391,Christmas (Baby Please Come Home),Darlene Love,adult standards,2019,canada,36,166
640,Christmas (Baby Please Come Home),Darlene Love,adult standards,2019,usa,36,166
28,Christmas (Baby Please Come Home),Mariah Carey,dance pop,1994,world,70,153
70,Christmas (Baby Please Come Home),Mariah Carey,dance pop,1994,africa,70,153
226,Christmas (Baby Please Come Home),Mariah Carey,dance pop,1994,belgium,70,153
369,Christmas (Baby Please Come Home),Mariah Carey,dance pop,1994,canada,70,153
622,Christmas (Baby Please Come Home),Mariah Carey,dance pop,1994,usa,70,153
33,Christmas Lights,Coldplay,permanent wave,2010,world,24,242
173,Christmas Lights,Coldplay,permanent wave,2010,australia,24,242
230,Christmas Lights,Coldplay,permanent wave,2010,belgium,24,242
376,Christmas Lights,Coldplay,permanent wave,2010,canada,24,242
417,Christmas Lights,Coldplay,permanent wave,2010,germany,24,242
440,Christmas Time,Bryan Adams,album rock,2019,germany,32,243
648,Christmas Time Is Here - Vocal,Vince Guaraldi Trio,adult standards,1965,usa,9,166
899,Cin Cin,Alfa,italian arena pop,2019,italy,37,180
794,Cinta Luar Biasa,Andmesh,indonesian pop,2019,indonesia,32,256
997,Cinta Luar Biasa,Andmesh,indonesian pop,2019,malasya,32,256
3,Circles,Post Malone,dfw rap,2019,world,55,215
51,Circles,Post Malone,dfw rap,2019,africa,55,215
152,Circles,Post Malone,dfw rap,2019,australia,55,215
203,Circles,Post Malone,dfw rap,2019,belgium,55,215
601,Circles,Post Malone,dfw rap,2019,usa,55,215
702,Circles,Post Malone,dfw rap,2019,india,55,215
803,Circles,Post Malone,dfw rap,2019,israel,55,215
953,Circles,Post Malone,dfw rap,2019,malasya,55,215
335,Com ou Sem Mim (Ao Vivo em Fortaleza),Gustavo Mioto,sertanejo,2019,brazil,30,202
301,Combatchy (feat. MC Rebecca),Anitta,baile pop,2019,brazil,61,158
690,Compliqué,Dadju,francoton,2019,france,93,215
121,Con Altura,ROSALÍA,r&b en espanol,2019,argentina,75,162
275,Con Altura,ROSALÍA,r&b en espanol,2019,bolivia,75,162
470,Con Altura,ROSALÍA,r&b en espanol,2019,colombia,75,162
571,Con Altura,ROSALÍA,r&b en espanol,2019,spain,75,162
123,Con Calma,Daddy Yankee,latin,2019,argentina,66,193
587,Contando Lunares (feat. Cruz Cafuné),Don Patricio,trap espanol,2019,spain,71,220
315,Contatinho - Ao Vivo Em São Paulo / 2019,Leo Santana,axe,2019,brazil,81,173
539,Coronao Now,El Alfa,dembow,2019,chile,72,218
526,Cuerpo en Venta,Noriel,latin,2019,chile,41,254
140,Cómo estás,Ke Personajes,cumbia pop,2019,argentina,98,227
696,Côte Ouest,47ter,french hip hop,2019,france,58,233
119,"DJ No Pare (feat. Zion, Dalex, Lenny Tavárez) - Remix",Justin Quiles,latin,2019,argentina,83,259
274,"DJ No Pare (feat. Zion, Dalex, Lenny Tavárez) - Remix",Justin Quiles,latin,2019,bolivia,83,259
520,"DJ No Pare (feat. Zion, Dalex, Lenny Tavárez) - Remix",Justin Quiles,latin,2019,chile,83,259
568,"DJ No Pare (feat. Zion, Dalex, Lenny Tavárez) - Remix",Justin Quiles,latin,2019,spain,83,259
788,Dan...,Sheila On 7,indonesian pop,1999,indonesia,54,289
740,Dance Like,Harrdy Sandhu,desi pop,2019,india,54,172
0,Dance Monkey,Tones and I,australian pop,2019,world,51,209
50,Dance Monkey,Tones and I,australian pop,2019,africa,51,209
100,Dance Monkey,Tones and I,australian pop,2019,argentina,51,209
150,Dance Monkey,Tones and I,australian pop,2019,australia,51,209
200,Dance Monkey,Tones and I,australian pop,2019,belgium,51,209
250,Dance Monkey,Tones and I,australian pop,2019,bolivia,51,209
300,Dance Monkey,Tones and I,australian pop,2019,brazil,51,209
350,Dance Monkey,Tones and I,australian pop,2019,canada,51,209
400,Dance Monkey,Tones and I,australian pop,2019,germany,51,209
450,Dance Monkey,Tones and I,australian pop,2019,colombia,51,209
500,Dance Monkey,Tones and I,australian pop,2019,chile,51,209
550,Dance Monkey,Tones and I,australian pop,2019,spain,51,209
650,Dance Monkey,Tones and I,australian pop,2019,france,51,209
750,Dance Monkey,Tones and I,australian pop,2019,indonesia,51,209
800,Dance Monkey,Tones and I,australian pop,2019,israel,51,209
850,Dance Monkey,Tones and I,australian pop,2019,italy,51,209
950,Dance Monkey,Tones and I,australian pop,2019,malasya,51,209
495,Daniela,Rodolfo Aicardi,classic colombian pop,2012,colombia,93,198
680,Dans l'univers,Nekfeu,french hip hop,2019,france,20,244
426,Der Bratan bleibt der gleiche,Capital Bra,german hip hop,2019,germany,67,192
295,Desconocidos,Mau y Ricky,latin,2019,bolivia,68,205
297,Detente,Mike Bahía,colombian pop,2019,bolivia,36,182
726,"Dheeme Dheeme (From ""Pati Patni Aur Woh"")",Tony Kakkar,desi pop,2019,india,69,177
687,Distant,Maes,french hip hop,2019,france,49,162
29,Do They Know It's Christmas? - 1984 Version,Band Aid,Other,2004,world,35,223
72,Do They Know It's Christmas? - 1984 Version,Band Aid,Other,2004,africa,35,223
170,Do They Know It's Christmas? - 1984 Version,Band Aid,Other,2004,australia,35,223
228,Do They Know It's Christmas? - 1984 Version,Band Aid,Other,2004,belgium,35,223
370,Do They Know It's Christmas? - 1984 Version,Band Aid,Other,2004,canada,35,223
416,Do They Know It's Christmas? - 1984 Version,Band Aid,Other,2004,germany,35,223
623,Do They Know It's Christmas? - 1984 Version,Band Aid,Other,2004,usa,35,223
387,Do You Hear What I Hear? - Remastered 2006,Bing Crosby,adult standards,2006,canada,41,166
634,Do You Hear What I Hear? - Remastered 2006,Bing Crosby,adult standards,2006,usa,41,166
430,Doch in der Nacht,Apache 207,german hip hop,2019,germany,71,192
342,Dois Lados,Wesley Safadão,forro,2019,brazil,93,147
736,"Don't Be Shy Again (From ""Bala"")",Sachin-Jigar,desi pop,2019,india,91,164
8,Don't Start Now,Dua Lipa,dance pop,2019,world,68,183
155,Don't Start Now,Dua Lipa,dance pop,2019,australia,68,183
206,Don't Start Now,Dua Lipa,dance pop,2019,belgium,68,183
655,Don't Start Now,Dua Lipa,dance pop,2019,france,68,183
806,Don't Start Now,Dua Lipa,dance pop,2019,israel,68,183
957,Don't Start Now,Dua Lipa,dance pop,2019,malasya,68,183
44,Driving Home for Christmas - 2019 Remaster,Chris Rea,album rock,1987,world,87,242
181,Driving Home for Christmas - 2019 Remaster,Chris Rea,album rock,1987,australia,87,242
240,Driving Home for Christmas - 2019 Remaster,Chris Rea,album rock,1987,belgium,87,242
389,Driving Home for Christmas - 2019 Remaster,Chris Rea,album rock,1987,canada,87,242
424,Driving Home for Christmas - 2019 Remaster,Chris Rea,album rock,1987,germany,87,242
480,Dulce Pecado,Jessi Uribe,colombian pop,2019,colombia,77,175
719,"Duniyaa (From ""Luka Chuppi"")",Akhil,desi pop,2019,india,52,223
585,Easy - Remix,Jhay Cortez,latin,2019,spain,44,220
735,"Ek Toh Kum Zindagani (From ""Marjaavaan"")",Neha Kakkar,desi pop,2019,india,72,190
148,El Bombón,Los Palmeras,argentine rock,2016,argentina,87,204
128,"El Favor (with Nicky Jam & Sech, feat. Farruko, Zion & Lunay)",Dimelo Flow,latin,2019,argentina,48,233
524,"El Favor (with Nicky Jam & Sech, feat. Farruko, Zion & Lunay)",Dimelo Flow,latin,2019,chile,48,233
486,El Hijo Ausente,Pastor Lopez,cumbia,2012,colombia,85,173
497,El Jornalero (El Hijo de Tuta),Lisandro Meza,cumbia,2001,colombia,96,244
327,Ela Vem,MC G15,brega funk,2019,brazil,59,197
689,Elle est bonne sa mère,Vegedream,francoton,2019,france,47,197
481,En Barranquilla Me Quedo,Joe Arroyo,cumbia,2009,colombia,75,312
331,Espaçosa Demais - Ao Vivo,Felipe Araújo,funk carioca,2018,brazil,71,179
35,Fairytale of New York (feat. Kirsty MacColl),The Pogues,celtic punk,1988,world,47,272
176,Fairytale of New York (feat. Kirsty MacColl),The Pogues,celtic punk,1988,australia,47,272
233,Fairytale of New York (feat. Kirsty MacColl),The Pogues,celtic punk,1988,belgium,47,272
377,Fairytale of New York (feat. Kirsty MacColl),The Pogues,celtic punk,1988,canada,47,272
345,Fake News - Ao Vivo,Gustavo Mioto,sertanejo,2019,brazil,73,175
980,Falling,Harry Styles,dance pop,2019,malasya,6,240
6,Falling,Trevor Daniel,alternative r&b,2018,world,24,159
156,Falling,Trevor Daniel,alternative r&b,2018,australia,24,159
403,Falling,Trevor Daniel,alternative r&b,2018,germany,24,159
603,Falling,Trevor Daniel,alternative r&b,2018,usa,24,159
703,Falling,Trevor Daniel,alternative r&b,2018,india,24,159
754,Falling,Trevor Daniel,alternative r&b,2018,indonesia,24,159
805,Falling,Trevor Daniel,alternative r&b,2018,israel,24,159
855,Falling,Trevor Daniel,alternative r&b,2018,italy,24,159
956,Falling,Trevor Daniel,alternative r&b,2018,malasya,24,159
105,Fantasias,Rauw Alejandro,latin,2019,argentina,79,200
256,Fantasias,Rauw Alejandro,latin,2019,bolivia,79,200
455,Fantasias,Rauw Alejandro,latin,2019,colombia,79,200
506,Fantasias,Rauw Alejandro,latin,2019,chile,79,200
558,Fantasias,Rauw Alejandro,latin,2019,spain,79,200
529,Fantasía,Ozuna,latin,2019,chile,78,175
579,Fantasía,Ozuna,latin,2019,spain,78,175
995,Feelings,Lauv,pop,2019,malasya,25,190
38,Feliz Navidad,José Feliciano,latin pop,2001,world,96,182
78,Feliz Navidad,José Feliciano,latin pop,2001,africa,96,182
235,Feliz Navidad,José Feliciano,latin pop,2001,belgium,96,182
284,Feliz Navidad,José Feliciano,latin pop,2001,bolivia,96,182
380,Feliz Navidad,José Feliciano,latin pop,2001,canada,96,182
420,Feliz Navidad,José Feliciano,latin pop,2001,germany,96,182
527,Feliz Navidad,José Feliciano,latin pop,2001,chile,96,182
577,Feliz Navidad,José Feliciano,latin pop,2001,spain,96,182
629,Feliz Navidad,José Feliciano,latin pop,2001,usa,96,182
868,Feliz Navidad,José Feliciano,latin pop,2001,italy,96,182
311,Ferida Curada,Zé Neto & Cristiano,sertanejo universitario,2019,brazil,55,159
716,Filhall,B Praak,desi pop,2019,india,59,255
340,Fingindo Maturidade - Ao Vivo,Mano Walter,forro,2019,brazil,74,189
96,Fire,DJ Big Sky,Other,2019,africa,64,463
129,Fresa,TINI,latin pop,2019,argentina,86,166
597,Fuera De Mi Mente,Lérica,spanish pop,2019,spain,70,181
614,Futsal Shuffle 2020,Lil Uzi Vert,melodic rap,2019,usa,30,199
895,GANG (feat. Geolier),Samurai Jay,italian hip hop,2019,italy,58,162
308,Gaiola É o Troco,MC Du Black,funk carioca,2019,brazil,85,187
699,Gasolina (feat. Gambi),Hamza,belgian hip hop,2019,france,72,179
714,"Ghungroo (From ""War"")",Arijit Singh,desi pop,2019,india,86,303
887,Gigolò (feat. Sfera Ebbasta & Capo Plaza),Lazza,italian hip hop,2019,italy,39,164
697,God Bless (feat. Damso),Hamza,belgian hip hop,2019,france,23,162
492,Golpe Con Golpe,Pastor Lopez,cumbia,2012,colombia,97,214
970,Goodbyes (feat. Young Thug),Post Malone,dfw rap,2019,malasya,16,175
137,Goteo,Duki,argentine hip hop,2019,argentina,44,164
598,Goteo,Duki,argentine hip hop,2019,spain,44,164
907,Gurenge,LiSA,anime rock,2019,japan,31,239
914,HANABI,Mr.Children,j-pop,2008,japan,60,343
809,HIGHEST IN THE ROOM,Travis Scott,rap,2019,israel,6,176
998,Haa Tepok,MeerFly,malaysian hip hop,2019,malasya,68,211
935,Hakujitsu,King Gnu,j-pop,2019,japan,75,275
428,Hallelujah,Pentatonix,a cappella,2016,germany,37,269
770,Halu,Feby Putri,Other,2019,indonesia,10,266
796,Hanya Rindu,Andmesh,indonesian pop,2019,indonesia,20,252
999,Hanya Rindu,Andmesh,indonesian pop,2019,malasya,20,252
873,Happy Xmas (War Is Over),Céline Dion,canadian pop,1998,italy,16,255
16,Happy Xmas (War Is Over) - Remastered,John Lennon,album rock,2010,world,40,214
60,Happy Xmas (War Is Over) - Remastered,John Lennon,album rock,2010,africa,40,214
160,Happy Xmas (War Is Over) - Remastered,John Lennon,album rock,2010,australia,40,214
215,Happy Xmas (War Is Over) - Remastered,John Lennon,album rock,2010,belgium,40,214
357,Happy Xmas (War Is Over) - Remastered,John Lennon,album rock,2010,canada,40,214
407,Happy Xmas (War Is Over) - Remastered,John Lennon,album rock,2010,germany,40,214
609,Happy Xmas (War Is Over) - Remastered,John Lennon,album rock,2010,usa,40,214
858,Happy Xmas (War Is Over) - Remastered,John Lennon,album rock,2010,italy,40,214
903,Happy Xmas (War Is Over) - Remastered,John Lennon,album rock,2010,japan,40,214
586,Hasta Que Salga el Sol,Ozuna,latin,2019,spain,60,188
748,"Hauli Hauli (From ""De De Pyaar De"")",Garry Sandhu,bhangra,2019,india,57,209
196,Have Yourself A Merry Little Christmas,Ella Fitzgerald,adult standards,1960,australia,48,176
644,Have Yourself A Merry Little Christmas,Judy Garland,adult standards,1944,usa,11,162
23,Have Yourself A Merry Little Christmas,Sam Smith,pop,2014,world,34,171
66,Have Yourself A Merry Little Christmas,Sam Smith,pop,2014,africa,34,171
167,Have Yourself A Merry Little Christmas,Sam Smith,pop,2014,australia,34,171
222,Have Yourself A Merry Little Christmas,Sam Smith,pop,2014,belgium,34,171
364,Have Yourself A Merry Little Christmas,Sam Smith,pop,2014,canada,34,171
413,Have Yourself A Merry Little Christmas,Sam Smith,pop,2014,germany,34,171
619,Have Yourself A Merry Little Christmas,Sam Smith,pop,2014,usa,34,171
707,Heartless,The Weeknd,canadian contemporary r&b,2019,india,20,200
943,Hikoutei,King Gnu,j-pop,2019,japan,49,262
307,Hit Contagiante,Felipe Original,brega funk,2019,brazil,96,137
247,Hoe Het Danst,Marco Borsato,dutch cabaret,2019,belgium,42,253
117,Hola - Remix,Dalex,latin,2019,argentina,34,250
269,Hola - Remix,Dalex,latin,2019,bolivia,34,250
466,Hola - Remix,Dalex,latin,2019,colombia,34,250
518,Hola - Remix,Dalex,latin,2019,chile,34,250
567,Hola - Remix,Dalex,latin,2019,spain,34,250
896,Holly & Benji (feat. Capo Plaza & Shiva),AVA,italian hip hop,2019,italy,50,220
45,Holly Jolly Christmas,Michael Bublé,adult standards,2011,world,74,122
82,Holly Jolly Christmas,Michael Bublé,adult standards,2011,africa,74,122
184,Holly Jolly Christmas,Michael Bublé,adult standards,2011,australia,74,122
242,Holly Jolly Christmas,Michael Bublé,adult standards,2011,belgium,74,122
390,Holly Jolly Christmas,Michael Bublé,adult standards,2011,canada,74,122
535,Holly Jolly Christmas,Michael Bublé,adult standards,2011,chile,74,122
639,Holly Jolly Christmas,Michael Bublé,adult standards,2011,usa,74,122
665,Holly Jolly Christmas,Michael Bublé,adult standards,2011,france,74,122
872,Holly Jolly Christmas,Michael Bublé,adult standards,2011,italy,74,122
991,Holly Jolly Christmas,Michael Bublé,adult standards,2011,malasya,74,122
965,How Do You Sleep?,Sam Smith,pop,2019,malasya,35,202
199,How to Make Gravy,Paul Kelly,australian alternative rock,2019,australia,39,269
668,Hé oh,Gambi,pop urbaine,2019,france,54,178
764,I Don't Care (with Justin Bieber),Ed Sheeran,pop,2019,indonesia,84,220
817,I Don't Care (with Justin Bieber),Ed Sheeran,pop,2019,israel,84,220
771,I Love You 3000,Stephanie Poetri,indonesian pop,2019,indonesia,41,210
993,I Love You 3000,Stephanie Poetri,indonesian pop,2019,malasya,41,210
789,I Love You but I'm Letting Go,Pamungkas,indonesian indie,2018,indonesia,13,220
41,I Saw Mommy Kissing Santa Claus,The Jackson 5,adult standards,1970,world,61,181
238,I Saw Mommy Kissing Santa Claus,The Jackson 5,adult standards,1970,belgium,61,181
385,I Saw Mommy Kissing Santa Claus,The Jackson 5,adult standards,1970,canada,61,181
632,I Saw Mommy Kissing Santa Claus,The Jackson 5,adult standards,1970,usa,61,181
84,I'll Be Home for Christmas,Michael Bublé,adult standards,2011,africa,15,268
395,I'll Be Home for Christmas,Michael Bublé,adult standards,2011,canada,15,268
982,I.F.L.Y.,Bazzi,pop,2019,malasya,55,166
730,Ik Tera,Maninder Buttar,desi pop,2019,india,49,161
541,Imaginaste - Remix,Jhay Cortez,latin,2019,chile,60,247
443,In der Weihnachtsbäckerei,Rolf Zuckowski,german pop,1987,germany,92,173
116,Indeciso,Reik,latin,2019,argentina,90,217
265,Indeciso,Reik,latin,2019,bolivia,90,217
462,Indeciso,Reik,latin,2019,colombia,90,217
562,Indeciso,Reik,latin,2019,spain,90,217
543,Infeliz,Arcangel,latin,2019,chile,72,221
978,Into the Unknown,Idina Menzel,hollywood,2019,malasya,27,195
316,Invocada (Participação especial de Léo Santana) - Ao vivo,Ludmilla,baile pop,2019,brazil,70,157
26,It's Beginning to Look a Lot Like Christmas (with Mitchell Ayres & His Orchestra),Perry Como,adult standards,1999,world,72,156
69,It's Beginning to Look a Lot Like Christmas (with Mitchell Ayres & His Orchestra),Perry Como,adult standards,1999,africa,72,156
225,It's Beginning to Look a Lot Like Christmas (with Mitchell Ayres & His Orchestra),Perry Como,adult standards,1999,belgium,72,156
368,It's Beginning to Look a Lot Like Christmas (with Mitchell Ayres & His Orchestra),Perry Como,adult standards,1999,canada,72,156
620,It's Beginning to Look a Lot Like Christmas (with Mitchell Ayres & His Orchestra),Perry Como,adult standards,1999,usa,72,156
40,It's Beginning to Look a Lot like Christmas,Michael Bublé,adult standards,2011,world,36,207
80,It's Beginning to Look a Lot like Christmas,Michael Bublé,adult standards,2011,africa,36,207
180,It's Beginning to Look a Lot like Christmas,Michael Bublé,adult standards,2011,australia,36,207
237,It's Beginning to Look a Lot like Christmas,Michael Bublé,adult standards,2011,belgium,36,207
384,It's Beginning to Look a Lot like Christmas,Michael Bublé,adult standards,2011,canada,36,207
421,It's Beginning to Look a Lot like Christmas,Michael Bublé,adult standards,2011,germany,36,207
530,It's Beginning to Look a Lot like Christmas,Michael Bublé,adult standards,2011,chile,36,207
580,It's Beginning to Look a Lot like Christmas,Michael Bublé,adult standards,2011,spain,36,207
631,It's Beginning to Look a Lot like Christmas,Michael Bublé,adult standards,2011,usa,36,207
870,It's Beginning to Look a Lot like Christmas,Michael Bublé,adult standards,2011,italy,36,207
989,It's Beginning to Look a Lot like Christmas,Michael Bublé,adult standards,2011,malasya,36,207
758,It's You,Ali Gatie,canadian hip hop,2019,indonesia,40,213
974,It's You,Ali Gatie,canadian hip hop,2019,malasya,40,213
15,It's the Most Wonderful Time of the Year,Andy Williams,adult standards,1963,world,78,152
58,It's the Most Wonderful Time of the Year,Andy Williams,adult standards,1963,africa,78,152
161,It's the Most Wonderful Time of the Year,Andy Williams,adult standards,1963,australia,78,152
213,It's the Most Wonderful Time of the Year,Andy Williams,adult standards,1963,belgium,78,152
355,It's the Most Wonderful Time of the Year,Andy Williams,adult standards,1963,canada,78,152
410,It's the Most Wonderful Time of the Year,Andy Williams,adult standards,1963,germany,78,152
608,It's the Most Wonderful Time of the Year,Andy Williams,adult standards,1963,usa,78,152
861,It's the Most Wonderful Time of the Year,Andy Williams,adult standards,1963,italy,78,152
972,It's the Most Wonderful Time of the Year,Andy Williams,adult standards,1963,malasya,78,152
728,"Jai Jai Shivshankar (From ""War"")",Vishal Dadlani,desi pop,2019,india,53,231
679,Jamais,Mister V,french hip hop,2019,france,79,192
93,Jerusalem,Master KG,kwaito house,2019,africa,84,343
14,Jingle Bell Rock,Bobby Helms,adult standards,1992,world,81,131
57,Jingle Bell Rock,Bobby Helms,adult standards,1992,africa,81,131
163,Jingle Bell Rock,Bobby Helms,adult standards,1992,australia,81,131
214,Jingle Bell Rock,Bobby Helms,adult standards,1992,belgium,81,131
260,Jingle Bell Rock,Bobby Helms,adult standards,1992,bolivia,81,131
356,Jingle Bell Rock,Bobby Helms,adult standards,1992,canada,81,131
409,Jingle Bell Rock,Bobby Helms,adult standards,1992,germany,81,131
510,Jingle Bell Rock,Bobby Helms,adult standards,1992,chile,81,131
607,Jingle Bell Rock,Bobby Helms,adult standards,1992,usa,81,131
859,Jingle Bell Rock,Bobby Helms,adult standards,1992,italy,81,131
971,Jingle Bell Rock,Bobby Helms,adult standards,1992,malasya,81,131
27,Jingle Bell Rock - Daryl's Version,Daryl Hall & John Oates,album rock,1983,world,84,126
71,Jingle Bell Rock - Daryl's Version,Daryl Hall & John Oates,album rock,1983,africa,84,126
168,Jingle Bell Rock - Daryl's Version,Daryl Hall & John Oates,album rock,1983,australia,84,126
227,Jingle Bell Rock - Daryl's Version,Daryl Hall & John Oates,album rock,1983,belgium,84,126
367,Jingle Bell Rock - Daryl's Version,Daryl Hall & John Oates,album rock,1983,canada,84,126
415,Jingle Bell Rock - Daryl's Version,Daryl Hall & John Oates,album rock,1983,germany,84,126
192,Jingle Bells (feat. The Puppini Sisters),Michael Bublé,adult standards,2011,australia,83,162
398,Jingle Bells (feat. The Puppini Sisters),Michael Bublé,adult standards,2011,canada,83,162
386,Joy To The World,Nat King Cole,adult standards,1962,canada,66,85
633,Joy To The World,Nat King Cole,adult standards,1962,usa,66,85
448,KARMA,Nimo,german hip hop,2019,germany,53,255
447,KEIN SCHLAF,Nimo,german hip hop,2019,germany,43,200
742,"Kaise Hua (From ""Kabir Singh"")",Vishal Mishra,desi pop,2019,india,15,235
732,Kalank (Title Track),Arijit Singh,desi pop,2019,india,44,311
790,Kartonyono Medot Janji,Denny Caknan,Other,2019,indonesia,75,262
441,Keine Liebe,RIN,german cloud rap,2019,germany,57,198
792,Kenangan Manis,Pamungkas,indonesian indie,2018,indonesia,72,208
785,Kumau Dia,Andmesh,indonesian pop,2019,indonesia,60,256
106,LA CANCIÓN,J Balvin,latin,2019,argentina,43,243
257,LA CANCIÓN,J Balvin,latin,2019,bolivia,43,243
456,LA CANCIÓN,J Balvin,latin,2019,colombia,43,243
507,LA CANCIÓN,J Balvin,latin,2019,chile,43,243
494,La Burrita,Los Corraleros De Majagual,cumbia,2012,colombia,95,157
544,La Cama,Lunay,latin,2019,chile,82,189
595,La Cama,Lunay,latin,2019,spain,82,189
149,La Cola,Los Palmeras,argentine rock,2016,argentina,87,169
299,La Difícil,Camilo,colombian pop,2019,bolivia,55,159
484,La Noche,Joe Arroyo,cumbia,1999,colombia,83,264
589,La Rubia - Remix 2,La Nueva Escuela,dembow,2019,spain,75,211
675,La vie qu'on mène,Ninho,french hip hop,2019,france,46,193
89,Labantwana Ama Uber,Semi Tee,amapiano,2019,africa,53,384
812,Lalala,Y2K,pop rap,2019,israel,50,161
498,Las Caleñas,Pastor Lopez Y Su Combo,cumbia,2010,colombia,94,212
490,Las Cuatro Fiestas,Diomedes Diaz,cumbia,2006,colombia,97,275
37,Last Christmas,Wham!,new wave pop,1984,world,95,263
77,Last Christmas,Wham!,new wave pop,1984,africa,95,263
177,Last Christmas,Wham!,new wave pop,1984,australia,95,263
234,Last Christmas,Wham!,new wave pop,1984,belgium,95,263
285,Last Christmas,Wham!,new wave pop,1984,bolivia,95,263
379,Last Christmas,Wham!,new wave pop,1984,canada,95,263
419,Last Christmas,Wham!,new wave pop,1984,germany,95,263
574,Last Christmas,Wham!,new wave pop,1984,spain,95,263
628,Last Christmas,Wham!,new wave pop,1984,usa,95,263
661,Last Christmas,Wham!,new wave pop,1984,france,95,263
867,Last Christmas,Wham!,new wave pop,1984,italy,95,263
906,Last Christmas,Wham!,new wave pop,1984,japan,95,263
988,Last Christmas,Wham!,new wave pop,1984,malasya,95,263
775,Lebih Dari Egoku,Mawar De Jongh,indonesian pop,2019,indonesia,33,249
320,Lençol Dobrado,João Gustavo e Murilo,funk carioca,2018,brazil,67,179
22,Let It Snow! Let It Snow! Let It Snow!,Dean Martin,adult standards,1959,world,70,117
65,Let It Snow! Let It Snow! Let It Snow!,Dean Martin,adult standards,1959,africa,70,117
221,Let It Snow! Let It Snow! Let It Snow!,Dean Martin,adult standards,1959,belgium,70,117
363,Let It Snow! Let It Snow! Let It Snow!,Dean Martin,adult standards,1959,canada,70,117
618,Let It Snow! Let It Snow! Let It Snow!,Dean Martin,adult standards,1959,usa,70,117
659,Let It Snow! Let It Snow! Let It Snow!,Dean Martin,adult standards,1959,france,70,117
18,Let It Snow! Let It Snow! Let It Snow! (with The B. Swanson Quartet),Frank Sinatra,adult standards,1994,world,84,155
61,Let It Snow! Let It Snow! Let It Snow! (with The B. Swanson Quartet),Frank Sinatra,adult standards,1994,africa,84,155
164,Let It Snow! Let It Snow! Let It Snow! (with The B. Swanson Quartet),Frank Sinatra,adult standards,1994,australia,84,155
217,Let It Snow! Let It Snow! Let It Snow! (with The B. Swanson Quartet),Frank Sinatra,adult standards,1994,belgium,84,155
359,Let It Snow! Let It Snow! Let It Snow! (with The B. Swanson Quartet),Frank Sinatra,adult standards,1994,canada,84,155
612,Let It Snow! Let It Snow! Let It Snow! (with The B. Swanson Quartet),Frank Sinatra,adult standards,1994,usa,84,155
862,Let It Snow! Let It Snow! Let It Snow! (with The B. Swanson Quartet),Frank Sinatra,adult standards,1994,italy,84,155
305,Liberdade Provisória,Henrique & Juliano,sertanejo universitario,2019,brazil,70,188
374,Like It's Christmas,Jonas Brothers,boy band,2019,canada,61,201
626,Like It's Christmas,Jonas Brothers,boy band,2019,usa,61,201
183,Little Saint Nick - 1991 Remix,The Beach Boys,baroque pop,1964,australia,97,119
638,Little Saint Nick - 1991 Remix,The Beach Boys,baroque pop,1964,usa,97,119
290,Loco,Beéle,Other,2019,bolivia,77,204
477,Loco,Beéle,Other,2019,colombia,77,204
672,Loin de moi,Naza,francoton,2019,france,50,144
489,Loquito por Ti,Armando Hernandez,chicha,2012,colombia,86,287
94,Lorch,Kabza De Small,afro house,2019,africa,41,375
482,Los sabanales,Calixto Ochoa,cumbia,1971,colombia,78,162
753,Lose You To Love Me,Selena Gomez,dance pop,2019,indonesia,9,206
958,Lose You To Love Me,Selena Gomez,dance pop,2019,malasya,9,206
99,"Love You Tonight (feat. DJ Maphorisa, Sha Sha & Kabza De Small)",Mfr Souls,afro house,2019,africa,68,353
981,Lover (Remix) [feat. Shawn Mendes],Taylor Swift,pop,2019,malasya,42,221
756,Lucid Dreams,Juice WRLD,chicago rap,2018,indonesia,22,240
811,Lucid Dreams,Juice WRLD,chicago rap,2018,israel,22,240
964,Lucid Dreams,Juice WRLD,chicago rap,2018,malasya,22,240
678,Ma belle,Moha La Squale,french hip hop,2019,france,47,158
691,Ma vie,Dadju,francoton,2019,france,32,209
939,Machigaisagashi,Masaki Suda,anime rock,2019,japan,44,224
717,Makhna,Tanishk Bagchi,desi pop,2019,india,43,183
681,Maman ne le sait pas (feat. Niska),Ninho,french hip hop,2019,france,39,203
545,Mami,Paloma Mami,latin pop,2019,chile,51,195
685,Marie,Koba LaD,french hip hop,2019,france,68,195
193,Mary's Boy Child / Oh My Lord,Boney M.,disco,2017,australia,93,241
673,Mayday (feat. Ninho),SCH,french hip hop,2019,france,25,210
141,Me Vas a Extrañar - En Vivo,Damas Gratis,cumbia villera,2018,argentina,64,239
760,Mean It,Lauv,pop,2019,indonesia,34,233
977,Mean It,Lauv,pop,2019,malasya,34,233
641,Mele Kalikimaka (Merry Christmas),Bing Crosby,adult standards,1945,usa,62,175
2,Memories,Maroon 5,pop,2019,world,57,189
52,Memories,Maroon 5,pop,2019,africa,57,189
153,Memories,Maroon 5,pop,2019,australia,57,189
202,Memories,Maroon 5,pop,2019,belgium,57,189
652,Memories,Maroon 5,pop,2019,france,57,189
700,Memories,Maroon 5,pop,2019,india,57,189
751,Memories,Maroon 5,pop,2019,indonesia,57,189
802,Memories,Maroon 5,pop,2019,israel,57,189
851,Memories,Maroon 5,pop,2019,italy,57,189
951,Memories,Maroon 5,pop,2019,malasya,57,189
737,"Mere Sohneya (From ""Kabir Singh"")",Sachet Tandon,desi pop,2019,india,65,193
49,Merry Christmas Everyone,Shakin' Stevens,new wave pop,1997,world,96,224
87,Merry Christmas Everyone,Shakin' Stevens,new wave pop,1997,africa,96,224
197,Merry Christmas Everyone,Shakin' Stevens,new wave pop,1997,australia,96,224
248,Merry Christmas Everyone,Shakin' Stevens,new wave pop,1997,belgium,96,224
399,Merry Christmas Everyone,Shakin' Stevens,new wave pop,1997,canada,96,224
445,Merry Christmas Everyone,Shakin' Stevens,new wave pop,1997,germany,96,224
436,Merry Xmas Everybody,Slade,album rock,1973,germany,47,223
343,"Mil Anos - Recorded At Mosh Studios, São Paulo",Jorge & Mateus,sertanejo,2019,brazil,45,189
996,Mimpi (feat. Alif),K-Clique,malaysian indie,2019,malasya,87,253
17,Mistletoe,Justin Bieber,canadian pop,2011,world,85,183
59,Mistletoe,Justin Bieber,canadian pop,2011,africa,85,183
162,Mistletoe,Justin Bieber,canadian pop,2011,australia,85,183
216,Mistletoe,Justin Bieber,canadian pop,2011,belgium,85,183
358,Mistletoe,Justin Bieber,canadian pop,2011,canada,85,183
408,Mistletoe,Justin Bieber,canadian pop,2011,germany,85,183
610,Mistletoe,Justin Bieber,canadian pop,2011,usa,85,183
860,Mistletoe,Justin Bieber,canadian pop,2011,italy,85,183
969,Mistletoe,Justin Bieber,canadian pop,2011,malasya,85,183
392,Mistletoe And Holly - Remastered 1999,Frank Sinatra,adult standards,1957,canada,34,136
642,Mistletoe And Holly - Remastered 1999,Frank Sinatra,adult standards,1957,usa,34,136
439,Mit Dir,Loredana,kosovan pop,2019,germany,64,158
692,Mortel,Koba LaD,french hip hop,2019,france,66,204
666,Moulaga,Heuss L'enfoiré,french hip hop,2019,france,48,180
747,"Mummy Nu Pasand (From ""Jai Mummy Di"")",Sunanda Sharma,desi pop,2019,india,80,185
743,"Muqabla (From ""Street Dancer 3D"")",Yash Narvekar,desi pop,2019,india,54,176
709,My Oh My (feat. DaBaby),Camila Cabello,dance pop,2019,india,38,171
814,My Oh My (feat. DaBaby),Camila Cabello,dance pop,2019,israel,38,171
973,My Oh My (feat. DaBaby),Camila Cabello,dance pop,2019,malasya,38,171
42,My Only Wish (This Year),Britney Spears,dance pop,2019,world,68,255
239,My Only Wish (This Year),Britney Spears,dance pop,2019,belgium,68,255
422,My Only Wish (This Year),Britney Spears,dance pop,2019,germany,68,255
684,Méchant,Niska,french hip hop,2019,france,41,191
734,"Naah Goriye (From ""Bala"")",B Praak,desi pop,2019,india,72,185
90,Nana Thula,Kabza De Small,afro house,2019,africa,59,439
547,"Navidad, Navidad",Luis Miguel,bolero,2006,chile,75,155
244,Ne reviens pas,Gradur,french hip hop,2019,belgium,93,189
669,Ne reviens pas,Gradur,french hip hop,2019,france,93,189
819,Never Go Back,Dennis Lloyd,israeli pop,2019,israel,73,175
186,Never Seen The Rain,Tones and I,australian pop,2019,australia,27,201
818,Nevermind,Dennis Lloyd,israeli pop,2017,israel,8,157
144,No Dijeron Nada,Oscu,trap argentino,2019,argentina,91,187
975,No Idea,Don Toliver,rap,2019,malasya,35,154
120,No Me Conoce - Remix,Jhay Cortez,latin,2019,argentina,58,309
271,No Me Conoce - Remix,Jhay Cortez,latin,2019,bolivia,58,309
468,No Me Conoce - Remix,Jhay Cortez,latin,2019,colombia,58,309
519,No Me Conoce - Remix,Jhay Cortez,latin,2019,chile,58,309
570,No Me Conoce - Remix,Jhay Cortez,latin,2019,spain,58,309
142,No Te Creas Tan Importante - En Vivo,Damas Gratis,cumbia villera,2018,argentina,67,240
537,No Te Debí Besar,C. Tangana,trap espanol,2019,chile,62,183
889,Non Avere Paura,Tommaso Paradiso,italian arena pop,2019,italy,24,247
296,Nunca Es Suficiente,Los Angeles Azules,grupera,2018,bolivia,80,266
438,Nur zur Info,Ufo361,german cloud rap,2019,germany,23,142
795,Nyaman,Andmesh,indonesian pop,2019,indonesia,46,227
745,"O Saki Saki (From ""Batla House"")",Neha Kakkar,desi pop,2019,india,57,191
645,O Tannenbaum,Vince Guaraldi Trio,adult standards,1965,usa,34,309
147,Ocho Cuarenta,Rodrigo,argentine rock,1998,argentina,85,355
493,Ojitos Hechiceros,Rodolfo Aicardi,classic colombian pop,2012,colombia,62,220
146,Olvídala,Los Palmeras,argentine rock,2004,argentina,52,290
713,On My Way,Alan Walker,electro house,2019,india,30,194
765,On My Way,Alan Walker,electro house,2019,indonesia,30,194
784,One Only,Pamungkas,indonesian indie,2018,indonesia,11,255
282,Otro Trago,Sech,panamanian pop,2019,bolivia,62,226
122,Otro Trago - Remix,Sech,panamanian pop,2019,argentina,76,288
276,Otro Trago - Remix,Sech,panamanian pop,2019,bolivia,76,288
521,Otro Trago - Remix,Sech,panamanian pop,2019,chile,76,288
569,Otro Trago - Remix,Sech,panamanian pop,2019,spain,76,288
667,Oui ou non,Angèle,belgian pop,2019,france,36,197
132,Oye,TINI,latin pop,2019,argentina,26,173
281,Pa Mí - Remix,Dalex,latin,2019,bolivia,73,361
277,Pa' Olvidarme De Ella,Piso 21,colombian pop,2019,bolivia,64,227
474,Pa' Olvidarme De Ella,Piso 21,colombian pop,2019,colombia,64,227
720,"Pachtaoge (From ""Jaani Ve"")",Arijit Singh,desi pop,2019,india,48,227
722,Pal Pal Dil Ke Paas- Title Track,Arijit Singh,desi pop,2019,india,39,255
947,Paprika,Foorin,kodomo no ongaku,2018,japan,73,208
329,"Para, Pensa e Volta - Ao Vivo",Yasmin Santos,sertanejo pop,2019,brazil,57,174
786,"Pelukku Untuk Pelikmu - OST Imperfect: Karier, Cinta, & Timbangan",Fiersa Besari,indonesian indie,2019,indonesia,25,250
791,Percaya Aku,Chintya Gabriella,Other,2019,indonesia,30,232
130,Perreo en La Luna,Rich Music LTD,reggaeton,2019,argentina,72,219
534,Perreo en La Luna,Rich Music LTD,reggaeton,2019,chile,72,219
583,Perreo en La Luna,Rich Music LTD,reggaeton,2019,spain,72,219
695,Petit Papa Noël,Tino Rossi,chanson,1998,france,42,196
536,Piensan,Myke Towers,latin,2019,chile,79,173
783,Pilu Membiru,Kunto Aji,indonesian indie,2018,indonesia,5,252
542,Piropo,Noriel,latin,2019,chile,77,220
879,Pookie (feat. Capo Plaza) - Remix,Aya Nakamura,basshall,2019,italy,51,188
664,Popopop,Gambi,pop urbaine,2019,france,41,156
599,Prendio - Remix,Rvfv,trap espanol,2019,spain,75,191
593,Prendío,Rvfv,trap espanol,2019,spain,90,190
934,Pretender,Official HIGE DANdism,anime rock,2019,japan,37,327
724,Proper Patola,Badshah,desi hip hop,2018,india,49,179
780,Psycho,Red Velvet,k-pop,2019,indonesia,41,211
994,Psycho,Red Velvet,k-pop,2019,malasya,41,211
273,QUE PRETENDES,J Balvin,latin,2019,bolivia,94,222
469,QUE PRETENDES,J Balvin,latin,2019,colombia,94,222
522,QUE PRETENDES,J Balvin,latin,2019,chile,94,222
318,Quando a vontade bater (Participação especial de PK Delas),Pk,brazilian edm,2019,brazil,70,166
314,Quarta Cadeira - Ao Vivo,Matheus & Kauan,pop nacional,2019,brazil,60,224
576,Que Calor (feat. J Balvin & El Alfa),Major Lazer,dance pop,2019,spain,46,170
662,Que Calor (feat. J Balvin & El Alfa),Major Lazer,dance pop,2019,france,46,170
286,Que Mas Pues - Remix,Sech,panamanian pop,2019,bolivia,81,306
109,Que Tire Pa Lante,Daddy Yankee,latin,2019,argentina,71,211
262,Que Tire Pa Lante,Daddy Yankee,latin,2019,bolivia,71,211
460,Que Tire Pa Lante,Daddy Yankee,latin,2019,colombia,71,211
512,Que Tire Pa Lante,Daddy Yankee,latin,2019,chile,71,211
348,Quem Traiu Levou - Ao Vivo,Gusttavo Lima,sertanejo universitario,2019,brazil,83,154
112,Quizas,Rich Music LTD,reggaeton,2019,argentina,68,216
266,Quizas,Rich Music LTD,reggaeton,2019,bolivia,68,216
461,Quizas,Rich Music LTD,reggaeton,2019,colombia,68,216
514,Quizas,Rich Music LTD,reggaeton,2019,chile,68,216
566,Quizas,Rich Music LTD,reggaeton,2019,spain,68,216
279,Qué Pena,Maluma,latin,2019,bolivia,86,213
473,Qué Pena,Maluma,latin,2019,colombia,86,213
7,RITMO (Bad Boys For Life),The Black Eyed Peas,dance pop,2019,world,67,222
101,RITMO (Bad Boys For Life),The Black Eyed Peas,dance pop,2019,argentina,67,222
252,RITMO (Bad Boys For Life),The Black Eyed Peas,dance pop,2019,bolivia,67,222
451,RITMO (Bad Boys For Life),The Black Eyed Peas,dance pop,2019,colombia,67,222
502,RITMO (Bad Boys For Life),The Black Eyed Peas,dance pop,2019,chile,67,222
553,RITMO (Bad Boys For Life),The Black Eyed Peas,dance pop,2019,spain,67,222
654,RITMO (Bad Boys For Life),The Black Eyed Peas,dance pop,2019,france,67,222
854,RITMO (Bad Boys For Life),The Black Eyed Peas,dance pop,2019,italy,67,222
1,ROXANNE,Arizona Zervas,pop rap,2019,world,46,164
53,ROXANNE,Arizona Zervas,pop rap,2019,africa,46,164
151,ROXANNE,Arizona Zervas,pop rap,2019,australia,46,164
201,ROXANNE,Arizona Zervas,pop rap,2019,belgium,46,164
351,ROXANNE,Arizona Zervas,pop rap,2019,canada,46,164
401,ROXANNE,Arizona Zervas,pop rap,2019,germany,46,164
551,ROXANNE,Arizona Zervas,pop rap,2019,spain,46,164
600,ROXANNE,Arizona Zervas,pop rap,2019,usa,46,164
651,ROXANNE,Arizona Zervas,pop rap,2019,france,46,164
701,ROXANNE,Arizona Zervas,pop rap,2019,india,46,164
752,ROXANNE,Arizona Zervas,pop rap,2019,indonesia,46,164
801,ROXANNE,Arizona Zervas,pop rap,2019,israel,46,164
852,ROXANNE,Arizona Zervas,pop rap,2019,italy,46,164
952,ROXANNE,Arizona Zervas,pop rap,2019,malasya,46,164
338,Relógio Parado (Ao Vivo),Diego & Arnaldo,sertanejo,2019,brazil,73,181
698,Reste,Maître Gims,french hip hop,2019,france,69,232
158,Ride It,Regard,pop edm,2019,australia,88,158
211,Ride It,Regard,pop edm,2019,belgium,88,158
406,Ride It,Regard,pop edm,2019,germany,88,158
657,Ride It,Regard,pop edm,2019,france,88,158
13,Rockin' Around The Christmas Tree,Brenda Lee,adult standards,1964,world,90,126
56,Rockin' Around The Christmas Tree,Brenda Lee,adult standards,1964,africa,90,126
159,Rockin' Around The Christmas Tree,Brenda Lee,adult standards,1964,australia,90,126
212,Rockin' Around The Christmas Tree,Brenda Lee,adult standards,1964,belgium,90,126
354,Rockin' Around The Christmas Tree,Brenda Lee,adult standards,1964,canada,90,126
606,Rockin' Around The Christmas Tree,Brenda Lee,adult standards,1964,usa,90,126
857,Rockin' Around The Christmas Tree,Brenda Lee,adult standards,1964,italy,90,126
967,Rockin' Around The Christmas Tree,Brenda Lee,adult standards,1964,malasya,90,126
189,Rockin' Around the Christmas Tree,Brenda Lee,adult standards,1991,australia,83,126
427,Roller,Apache 207,german hip hop,2019,germany,68,157
663,Roses - Imanbek Remix,SAINt JHN,melodic rap,2019,france,90,177
423,Rudolph The Red-Nosed Reindeer,Dean Martin,adult standards,1959,germany,86,136
588,Rueda,Chimbala,dembow,2019,spain,96,211
31,Run Rudolph Run - Single Version,Chuck Berry,blues rock,1986,world,96,166
172,Run Rudolph Run - Single Version,Chuck Berry,blues rock,1986,australia,96,166
372,Run Rudolph Run - Single Version,Chuck Berry,blues rock,1986,canada,96,166
625,Run Rudolph Run - Single Version,Chuck Berry,blues rock,1986,usa,96,166
322,S de Saudade,Luíza & Maurílio,sertanejo pop,2019,brazil,79,175
309,SENTADÃO,Pedro Sampaio,baile pop,2019,brazil,92,143
444,STAR,Nimo,german hip hop,2019,germany,60,162
874,SUPREME - L'ego (feat. tha Supreme & Sfera Ebbasta),Marracash,italian hip hop,2019,italy,51,223
723,Sakhiyaan,Maninder Buttar,desi pop,2018,india,36,179
98,Sandton,Kabza De Small,afro house,2019,africa,59,412
34,Santa Baby,Ariana Grande,dance pop,2013,world,77,171
74,Santa Baby,Ariana Grande,dance pop,2013,africa,77,171
231,Santa Baby,Ariana Grande,dance pop,2013,belgium,77,171
373,Santa Baby,Ariana Grande,dance pop,2013,canada,77,171
627,Santa Baby,Ariana Grande,dance pop,2013,usa,77,171
647,Santa Baby (with Henri René & His Orchestra),Eartha Kitt,adult standards,2002,usa,49,206
883,Santa Claus Is Comin' to Town,Frank Sinatra,adult standards,1994,italy,69,155
36,"Santa Claus Is Comin' to Town - Live at C.W. Post College, Greenvale, NY - December 1975",Bruce Springsteen,heartland rock,1981,world,41,268
75,"Santa Claus Is Comin' to Town - Live at C.W. Post College, Greenvale, NY - December 1975",Bruce Springsteen,heartland rock,1981,africa,41,268
232,"Santa Claus Is Comin' to Town - Live at C.W. Post College, Greenvale, NY - December 1975",Bruce Springsteen,heartland rock,1981,belgium,41,268
378,"Santa Claus Is Comin' to Town - Live at C.W. Post College, Greenvale, NY - December 1975",Bruce Springsteen,heartland rock,1981,canada,41,268
866,"Santa Claus Is Comin' to Town - Live at C.W. Post College, Greenvale, NY - December 1975",Bruce Springsteen,heartland rock,1981,italy,41,268
39,Santa Claus Is Coming To Town,The Jackson 5,adult standards,1970,world,96,144
79,Santa Claus Is Coming To Town,The Jackson 5,adult standards,1970,africa,96,144
178,Santa Claus Is Coming To Town,The Jackson 5,adult standards,1970,australia,96,144
236,Santa Claus Is Coming To Town,The Jackson 5,adult standards,1970,belgium,96,144
381,Santa Claus Is Coming To Town,The Jackson 5,adult standards,1970,canada,96,144
630,Santa Claus Is Coming To Town,The Jackson 5,adult standards,1970,usa,96,144
48,Santa Claus Is Coming to Town,Michael Bublé,adult standards,2011,world,42,172
86,Santa Claus Is Coming to Town,Michael Bublé,adult standards,2011,africa,42,172
194,Santa Claus Is Coming to Town,Michael Bublé,adult standards,2011,australia,42,172
246,Santa Claus Is Coming to Town,Michael Bublé,adult standards,2011,belgium,42,172
397,Santa Claus Is Coming to Town,Michael Bublé,adult standards,2011,canada,42,172
894,Santa Claus Is Coming to Town,Michael Bublé,adult standards,2011,italy,42,172
546,Santa Claus Llegó a La Ciudad,Luis Miguel,bolero,2006,chile,72,116
12,Santa Tell Me,Ariana Grande,dance pop,2014,world,59,204
55,Santa Tell Me,Ariana Grande,dance pop,2014,africa,59,204
157,Santa Tell Me,Ariana Grande,dance pop,2014,australia,59,204
210,Santa Tell Me,Ariana Grande,dance pop,2014,belgium,59,204
353,Santa Tell Me,Ariana Grande,dance pop,2014,canada,59,204
405,Santa Tell Me,Ariana Grande,dance pop,2014,germany,59,204
555,Santa Tell Me,Ariana Grande,dance pop,2014,spain,59,204
604,Santa Tell Me,Ariana Grande,dance pop,2014,usa,59,204
856,Santa Tell Me,Ariana Grande,dance pop,2014,italy,59,204
902,Santa Tell Me,Ariana Grande,dance pop,2014,japan,59,204
963,Santa Tell Me,Ariana Grande,dance pop,2014,malasya,59,204
741,Sauda Khara Khara,Diljit Dosanjh,desi pop,2019,india,88,211
941,Sayonara Elegy,Masaki Suda,anime rock,2018,japan,62,257
336,Se Prepara 2,Mc Livinho,funk carioca,2019,brazil,36,147
594,Se iluminaba,Fred De Palma,italian arena pop,2019,spain,62,174
797,Secukupnya,Hindia,indonesian indie,2019,indonesia,93,205
781,Selamat (Selamat Tinggal),Virgoun,indonesian pop,2019,indonesia,37,314
317,Sentou e Gostou,MC JottaPê,funk carioca,2019,brazil,72,163
323,Serenata - Ao Vivo,Marília Mendonça,sertanejo,2019,brazil,74,156
24,Señorita,Shawn Mendes,canadian pop,2019,world,75,191
67,Señorita,Shawn Mendes,canadian pop,2019,africa,75,191
118,Señorita,Shawn Mendes,canadian pop,2019,argentina,75,191
223,Señorita,Shawn Mendes,canadian pop,2019,belgium,75,191
270,Señorita,Shawn Mendes,canadian pop,2019,bolivia,75,191
467,Señorita,Shawn Mendes,canadian pop,2019,colombia,75,191
660,Señorita,Shawn Mendes,canadian pop,2019,france,75,191
710,Señorita,Shawn Mendes,canadian pop,2019,india,75,191
759,Señorita,Shawn Mendes,canadian pop,2019,indonesia,75,191
815,Señorita,Shawn Mendes,canadian pop,2019,israel,75,191
976,Señorita,Shawn Mendes,canadian pop,2019,malasya,75,191
733,"Shaitan Ka Saala (From ""Housefull 4"")",Sohail Sen,desi pop,2019,india,34,147
905,Shape of You,Ed Sheeran,pop,2017,japan,93,234
938,Shukumei,Official HIGE DANdism,anime rock,2019,japan,49,281
525,Si Se Da - Remix,Myke Towers,latin,2019,chile,77,332
538,Si Supieras,Daddy Yankee,latin,2019,chile,62,242
113,Si Te Vas,Sech,panamanian pop,2019,argentina,55,205
264,Si Te Vas,Sech,panamanian pop,2019,bolivia,55,205
464,Si Te Vas,Sech,panamanian pop,2019,colombia,55,205
515,Si Te Vas,Sech,panamanian pop,2019,chile,55,205
565,Si Te Vas,Sech,panamanian pop,2019,spain,55,205
596,Si por mi fuera,Beret,spanish hip hop,2019,spain,88,209
131,Sigues Con El,Dimelo Flow,latin,2019,argentina,68,227
288,Sigues Con El,Dimelo Flow,latin,2019,bolivia,68,227
476,Sigues Con El,Dimelo Flow,latin,2019,colombia,68,227
531,Sigues Con El,Dimelo Flow,latin,2019,chile,68,227
581,Sigues Con El,Dimelo Flow,latin,2019,spain,68,227
449,Skifahren,The Cratez,german hip hop,2019,germany,44,163
47,Sleigh Ride,The Ronettes,adult standards,2019,world,85,181
85,Sleigh Ride,The Ronettes,adult standards,2019,africa,85,181
191,Sleigh Ride,The Ronettes,adult standards,2019,australia,85,181
245,Sleigh Ride,The Ronettes,adult standards,2019,belgium,85,181
396,Sleigh Ride,The Ronettes,adult standards,2019,canada,85,181
646,Sleigh Ride,The Ronettes,adult standards,2019,usa,85,181
767,So Am I,Ava Max,dance pop,2019,indonesia,61,183
878,Soldi in Nero - feat. Sfera Ebbasta,Shiva,italian hip hop,2019,italy,35,184
339,Solteiro Não Trai - Ao Vivo,Gustavo Mioto,sertanejo,2018,brazil,60,187
133,Soltera - Remix,Lunay,latin,2019,argentina,80,266
293,Soltera - Remix,Lunay,latin,2019,bolivia,80,266
478,Soltera - Remix,Lunay,latin,2019,colombia,80,266
540,Soltera - Remix,Lunay,latin,2019,chile,80,266
306,Some que ele vem atrás,Anitta,baile pop,2019,brazil,60,195
11,Someone You Loved,Lewis Capaldi,pop,2019,world,45,182
208,Someone You Loved,Lewis Capaldi,pop,2019,belgium,45,182
755,Someone You Loved,Lewis Capaldi,pop,2019,indonesia,45,182
808,Someone You Loved,Lewis Capaldi,pop,2019,israel,45,182
959,Someone You Loved,Lewis Capaldi,pop,2019,malasya,45,182
499,Sorbito De Champagne - Digitally Remastered Original,Pastor Lopez,cumbia,2006,colombia,70,211
143,Soy Sabalero,Los Palmeras,argentine rock,2019,argentina,85,180
798,Speechless (Full),Naomi Scott,hollywood,2019,indonesia,23,209
944,Stand By You,Official HIGE DANdism,anime rock,2019,japan,63,256
32,Step Into Christmas,Elton John,glam rock,1973,world,82,272
171,Step Into Christmas,Elton John,glam rock,1973,australia,82,272
375,Step Into Christmas,Elton John,glam rock,1973,canada,82,272
418,Step Into Christmas,Elton John,glam rock,1973,germany,82,272
682,Street,Maes,french hip hop,2019,france,49,185
95,Sukendleleni,Jobe London,afro house,2019,africa,24,415
712,Sunflower - Spider-Man: Into the Spider-Verse,Post Malone,dfw rap,2019,india,93,158
979,Sunflower - Spider-Man: Into the Spider-Verse,Post Malone,dfw rap,2019,malasya,93,158
303,Supera - Ao Vivo,Marília Mendonça,sertanejo,2019,brazil,66,148
302,Surtada - Remix Brega Funk,Dadá Boladão,brega funk,2019,brazil,88,153
487,Tabaco y Ron,Rodolfo Aicardi,classic colombian pop,2012,colombia,96,243
799,Tak Ingin Pisah Lagi,Marion Jola,indonesian pop,2019,indonesia,34,266
768,Takeaway,The Chainsmokers,electropop,2019,indonesia,35,210
990,Takeaway,The Chainsmokers,electropop,2019,malasya,35,210
134,Tal Vez,Paulo Londra,argentine hip hop,2019,argentina,74,264
294,Tal Vez,Paulo Londra,argentine hip hop,2019,bolivia,74,264
779,Tanpa Tergesa,Juicy Luicy,indonesian pop,2018,indonesia,45,218
575,Te Quemaste,Manuel Turizo,colombian pop,2019,spain,72,199
283,Te Vi,Piso 21,colombian pop,2018,bolivia,71,232
948,Teenager Forever,King Gnu,j-pop,2019,japan,70,189
88,Tender Love (feat. DJ Maphorisa & Kabza De Small),Sha Sha,afro house,2019,africa,45,444
746,"Tera Ban Jaunga (From ""Kabir Singh"")",Akhil Sachdeva,desi pop,2019,india,40,236
188,Thank God It's Christmas - Non-Album Single,Queen,glam rock,1984,australia,34,262
431,Thank God It's Christmas - Non-Album Single,Queen,glam rock,1984,germany,34,262
442,The Best Side Of Life,Sarah Connor,german pop,2006,germany,55,229
365,The Box,Roddy Ricch,melodic rap,2019,canada,64,197
617,The Box,Roddy Ricch,melodic rap,2019,usa,64,197
20,The Christmas Song (Merry Christmas To You),Nat King Cole,adult standards,1962,world,21,192
63,The Christmas Song (Merry Christmas To You),Nat King Cole,adult standards,1962,africa,21,192
166,The Christmas Song (Merry Christmas To You),Nat King Cole,adult standards,1962,australia,21,192
220,The Christmas Song (Merry Christmas To You),Nat King Cole,adult standards,1962,belgium,21,192
361,The Christmas Song (Merry Christmas To You),Nat King Cole,adult standards,1962,canada,21,192
615,The Christmas Song (Merry Christmas To You),Nat King Cole,adult standards,1962,usa,21,192
249,This Christmas,Donny Hathaway,chicago soul,1971,belgium,68,231
649,This Christmas,Donny Hathaway,chicago soul,1971,usa,68,231
876,Ti volevo dedicare (feat. J-AX & Boomdabash),Rocco Hunt,italian hip hop,2019,italy,27,208
310,Tijolão - Ao Vivo,Jorge & Mateus,sertanejo,2019,brazil,69,175
349,Tiro Certo - Ao Vivo,Zé Felipe,funk carioca,2019,brazil,69,179
333,To Voando Alto,Mc Poze do Rodo,funk carioca,2019,brazil,80,137
324,Todo Mundo Vai Sofrer - Ao Vivo,Marília Mendonça,sertanejo,2019,brazil,58,155
773,Tolong,Budi Doremi,indonesian pop,2018,indonesia,24,250
483,Traicionera,Pastor Lopez,cumbia,2012,colombia,96,215
658,Trampoline (with ZAYN),SHAED,electropop,2019,france,50,184
708,Trampoline (with ZAYN),SHAED,electropop,2019,india,50,184
968,Trampoline (with ZAYN),SHAED,electropop,2019,malasya,50,184
738,"Tu Hi Yaar Mera (From ""Pati Patni Aur Woh"")",Rochak,desi pop,2019,india,48,201
721,"Tujhe Kitna Chahne Lage (From ""Kabir Singh"")",Arijit Singh,desi pop,2019,india,31,285
715,"Tum Hi Aana (From ""Marjaavaan"")",Payal Dev,modern bollywood,2019,india,35,249
917,Turning Up,ARASHI,j-pop,2019,japan,90,183
9,Tusa,KAROL G,latin,2019,world,57,201
102,Tusa,KAROL G,latin,2019,argentina,57,201
253,Tusa,KAROL G,latin,2019,bolivia,57,201
452,Tusa,KAROL G,latin,2019,colombia,57,201
503,Tusa,KAROL G,latin,2019,chile,57,201
554,Tusa,KAROL G,latin,2019,spain,57,201
891,Tutto Questo Sei Tu,Ultimo,italian pop,2019,italy,42,245
111,Tutu,Camilo,colombian pop,2019,argentina,94,179
263,Tutu,Camilo,colombian pop,2019,bolivia,94,179
463,Tutu,Camilo,colombian pop,2019,colombia,94,179
516,Tutu,Camilo,colombian pop,2019,chile,94,179
942,Umbrella,King Gnu,j-pop,2019,japan,70,202
92,Umlilo,DJ Zinhle,kwaito,2019,africa,62,237
693,Un million par mois,Djadja & Dinaz,french hip hop,2019,france,72,189
677,Un peu de haine,PLK,french hip hop,2019,france,42,168
145,Una Cerveza,Rafaga,cumbia chilena,2016,argentina,76,241
292,Una Vida Para Recordar,Piso 21,colombian pop,2019,bolivia,48,215
892,Una volta ancora (feat. Ana Mena),Fred De Palma,italian arena pop,2019,italy,59,174
25,Underneath the Tree,Kelly Clarkson,dance pop,2013,world,69,230
68,Underneath the Tree,Kelly Clarkson,dance pop,2013,africa,69,230
169,Underneath the Tree,Kelly Clarkson,dance pop,2013,australia,69,230
224,Underneath the Tree,Kelly Clarkson,dance pop,2013,belgium,69,230
366,Underneath the Tree,Kelly Clarkson,dance pop,2013,canada,69,230
414,Underneath the Tree,Kelly Clarkson,dance pop,2013,germany,69,230
621,Underneath the Tree,Kelly Clarkson,dance pop,2013,usa,69,230
865,Underneath the Tree,Kelly Clarkson,dance pop,2013,italy,69,230
904,Underneath the Tree,Kelly Clarkson,dance pop,2013,japan,69,230
820,Unfaithful,Dennis Lloyd,israeli pop,2019,israel,42,141
731,Vaaste,Dhvani Bhanushali,desi pop,2019,india,32,196
744,Ve Maahi,Arijit Singh,desi pop,2019,india,29,224
849,Ve'Eem Tavo'ee Elay (And If You Will Come To Me),Idan Raichel,classic israeli pop,2019,israel,23,213
325,Verdinha,Ludmilla,baile pop,2019,brazil,63,160
528,Verte Ir,DJ Luian,latin,2019,chile,55,268
104,Vete,Bad Bunny,latin,2019,argentina,53,192
254,Vete,Bad Bunny,latin,2019,bolivia,53,192
454,Vete,Bad Bunny,latin,2019,colombia,53,192
504,Vete,Bad Bunny,latin,2019,chile,53,192
556,Vete,Bad Bunny,latin,2019,spain,53,192
446,Vor der Tür,Gzuz,deep german hip hop,2019,germany,20,171
332,Vou Ter Que Superar - Ao Vivo,Matheus & Kauan,pop nacional,2019,brazil,42,189
91,Vula Vala,DJ Maphorisa,afro house,2019,africa,14,374
496,Víspera de Año Nuevo,Guillermo Buitrago,classic colombian pop,2012,colombia,98,150
777,Waktu Yang Salah,Fiersa Besari,indonesian indie,2014,indonesia,30,326
921,Walking with you,Novelbright,j-pop,2018,japan,50,223
985,Watermelon Sugar,Harry Styles,dance pop,2019,malasya,56,174
772,Way Back Home (feat. Conor Maynard) - Sam Feldt Edit,SHAUN,k-pop,2018,indonesia,45,192
187,What Christmas Means To Me,Stevie Wonder,adult standards,1967,australia,82,147
393,What Christmas Means To Me,Stevie Wonder,adult standards,1967,canada,82,147
932,Wherever you are,ONE OK ROCK,j-pop,2010,japan,29,296
110,Whine Up,Nicky Jam,latin,2019,argentina,66,215
261,Whine Up,Nicky Jam,latin,2019,bolivia,66,215
459,Whine Up,Nicky Jam,latin,2019,colombia,66,215
511,Whine Up,Nicky Jam,latin,2019,chile,66,215
561,Whine Up,Nicky Jam,latin,2019,spain,66,215
21,White Christmas,Bing Crosby,adult standards,1942,world,25,177
64,White Christmas,Bing Crosby,adult standards,1942,africa,25,177
165,White Christmas,Bing Crosby,adult standards,1942,australia,25,177
219,White Christmas,Bing Crosby,adult standards,1942,belgium,25,177
362,White Christmas,Bing Crosby,adult standards,1942,canada,25,177
616,White Christmas,Bing Crosby,adult standards,1942,usa,25,177
195,White Christmas (with Shania Twain),Michael Bublé,adult standards,2011,australia,64,218
435,Wieso tust Du dir das an?,Apache 207,german hip hop,2019,germany,46,176
179,Winter Wonderland,Tony Bennett,adult standards,1968,australia,63,134
382,Winter Wonderland,Tony Bennett,adult standards,1968,canada,63,134
637,Winter Wonderland - Remastered 2006,Bing Crosby,adult standards,2006,usa,54,144
671,Woin Woin feat. RK,Larry,french hip hop,2019,france,70,173
19,Wonderful Christmastime - Edited Version / Remastered 2011,Paul McCartney,album rock,1980,world,77,228
62,Wonderful Christmastime - Edited Version / Remastered 2011,Paul McCartney,album rock,1980,africa,77,228
218,Wonderful Christmastime - Edited Version / Remastered 2011,Paul McCartney,album rock,1980,belgium,77,228
360,Wonderful Christmastime - Edited Version / Remastered 2011,Paul McCartney,album rock,1980,canada,77,228
411,Wonderful Christmastime - Edited Version / Remastered 2011,Paul McCartney,album rock,1980,germany,77,228
613,Wonderful Christmastime - Edited Version / Remastered 2011,Paul McCartney,album rock,1980,usa,77,228
863,Wonderful Christmastime - Edited Version / Remastered 2011,Paul McCartney,album rock,1980,italy,77,228
433,Wonderful Dream (Holidays Are Coming) - Radio Version,Melanie Thornton,Other,2001,germany,52,232
136,Ya No Mas,Fer Palacio,Other,2019,argentina,88,158
718,Yaad Piya Ki Aane Lagi,Neha Kakkar,desi pop,2019,india,69,257
937,Yesterday,Official HIGE DANdism,anime rock,2019,japan,56,299
115,"Yo x Ti, Tu x Mi",ROSALÍA,r&b en espanol,2019,argentina,58,201
268,"Yo x Ti, Tu x Mi",ROSALÍA,r&b en espanol,2019,bolivia,58,201
517,"Yo x Ti, Tu x Mi",ROSALÍA,r&b en espanol,2019,chile,58,201
564,"Yo x Ti, Tu x Mi",ROSALÍA,r&b en espanol,2019,spain,58,201
869,You Make It Feel Like Christmas (feat. Blake Shelton),Gwen Stefani,dance pop,2017,italy,91,157
592,Zorra,Bad Gyal,rap catalan,2019,spain,74,186
209,bad guy,Billie Eilish,electropop,2019,belgium,56,194
705,bad guy,Billie Eilish,electropop,2019,india,56,194
807,bad guy,Billie Eilish,electropop,2019,israel,56,194
901,bad guy,Billie Eilish,electropop,2019,japan,56,194
962,bad guy,Billie Eilish,electropop,2019,malasya,56,194
875,blun7 a swishland,tha Supreme,trap italiana,2019,italy,57,168
893,ch1 5ei te,tha Supreme,trap italiana,2019,italy,32,184
326,choque térmico - ao vivo,Luan Santana,funk carioca,2019,brazil,73,180
762,comethru,Jeremy Zucker,pop,2018,indonesia,61,182
987,comethru,Jeremy Zucker,pop,2018,malasya,61,182
5,everything i wanted,Billie Eilish,electropop,2019,world,24,245
205,everything i wanted,Billie Eilish,electropop,2019,belgium,24,245
804,everything i wanted,Billie Eilish,electropop,2019,israel,24,245
955,everything i wanted,Billie Eilish,electropop,2019,malasya,24,245
871,fuck 3x,tha Supreme,trap italiana,2019,italy,69,161
706,hot girl bummer,blackbear,pop,2019,india,68,185
960,hot girl bummer,blackbear,pop,2019,malasya,68,185
774,lowkey,NIKI,indie r&b,2019,indonesia,23,171
881,m12ano - feat. Mara Sattei,tha Supreme,trap italiana,2019,italy,48,188
898,m8nstar,tha Supreme,trap italiana,2019,italy,44,165
319,menina solta,Giulia Be,pop nacional,2019,brazil,67,150
888,occh1 purpl3 - feat. Marracash,tha Supreme,trap italiana,2019,italy,55,188
344,quando a bad bater - ao vivo,Luan Santana,funk carioca,2019,brazil,53,180
880,sw1n6o - feat. Salmo,tha Supreme,trap italiana,2019,italy,79,184
341,Áudio - Ao Vivo em Brasília,Diego & Victor Hugo,sertanejo pop,2019,brazil,45,190
